financial_year,district,iffco_supply,is_partial_year,supply_unit
2022-23,Ajmer,21835,False,not specified in source
2022-23,Alwar,17118,False,not specified in source
2022-23,Banswara,18227,False,not specified in source
2022-23,Baran,15599,False,not specified in source
2022-23,Barmer,10361,False,not specified in source
2022-23,Bharatpur,10086,False,not specified in source
2022-23,Bhilwara,22210,False,not specified in source
2022-23,Bikaner,33094,False,not specified in source
2022-23,Bundi,21324,False,not specified in source
2022-23,Chittorgarh,19285,False,not specified in source
2022-23,Churu,13521,False,not specified in source
2022-23,Dausa,7354,False,not specified in source
2022-23,Dhaulpur,4847,False,not specified in source
2022-23,Dungarpur,2221,False,not specified in source
2022-23,Ganganagar,36612,False,not specified in source
2022-23,Hanumangarh,24585,False,not specified in source
2022-23,Jaipur,24543,False,not specified in source
2022-23,Jaisalmer,6154,False,not specified in source
2022-23,Jalor,8917,False,not specified in source
2022-23,Jhalawar,11062,False,not specified in source
2022-23,Jhunjhunu,5689,False,not specified in source
2022-23,Jodhpur,14851,False,not specified in source
2022-23,Karauli,8114,False,not specified in source
2022-23,Kota,21031,False,not specified in source
2022-23,Nagaur,20096,False,not specified in source
2022-23,Pali,11379,False,not specified in source
2022-23,Pratapgarh,8241,False,not specified in source
2022-23,Rajsamand,5151,False,not specified in source
2022-23,Sawai Madhopur,13547,False,not specified in source
2022-23,Sikar,10666,False,not specified in source
2022-23,Sirohi,10625,False,not specified in source
2022-23,Tonk,13687,False,not specified in source
2022-23,Udaipur,8923,False,not specified in source
2023-24,Ajmer,18102,False,not specified in source
2023-24,Alwar,15412,False,not specified in source
2023-24,Banswara,17752,False,not specified in source
2023-24,Baran,13906,False,not specified in source
2023-24,Barmer,11553,False,not specified in source
2023-24,Bharatpur,10611,False,not specified in source
2023-24,Bhilwara,21035,False,not specified in source
2023-24,Bikaner,35596,False,not specified in source
2023-24,Bundi,18897,False,not specified in source
2023-24,Chittorgarh,17859,False,not specified in source
2023-24,Churu,12413,False,not specified in source
2023-24,Dausa,5138,False,not specified in source
2023-24,Dhaulpur,4987,False,not specified in source
2023-24,Dungarpur,2033,False,not specified in source
2023-24,Ganganagar,39711,False,not specified in source
2023-24,Hanumangarh,21084,False,not specified in source
2023-24,Jaipur,19522,False,not specified in source
2023-24,Jaisalmer,7175,False,not specified in source
2023-24,Jalor,10010,False,not specified in source
2023-24,Jhalawar,9816,False,not specified in source
2023-24,Jhunjhunu,6357,False,not specified in source
2023-24,Jodhpur,17522,False,not specified in source
2023-24,Karauli,5647,False,not specified in source
2023-24,Kota,17129,False,not specified in source
2023-24,Nagaur,18887,False,not specified in source
2023-24,Pali,13433,False,not specified in source
2023-24,Pratapgarh,8488,False,not specified in source
2023-24,Rajsamand,6019,False,not specified in source
2023-24,Sawai Madhopur,9106,False,not specified in source
2023-24,Sikar,7151,False,not specified in source
2023-24,Sirohi,14336,False,not specified in source
2023-24,Tonk,8395,False,not specified in source
2023-24,Udaipur,6376,False,not specified in source
2024-25,Ajmer,18730,False,not specified in source
2024-25,Alwar,15677,False,not specified in source
2024-25,Banswara,17208,False,not specified in source
2024-25,Baran,26172,False,not specified in source
2024-25,Barmer,11995,False,not specified in source
2024-25,Bharatpur,11811,False,not specified in source
2024-25,Bhilwara,30265,False,not specified in source
2024-25,Bikaner,39046,False,not specified in source
2024-25,Bundi,23746,False,not specified in source
2024-25,Chittorgarh,21290,False,not specified in source
2024-25,Churu,15039,False,not specified in source
2024-25,Dausa,8281,False,not specified in source
2024-25,Dhaulpur,8383,False,not specified in source
2024-25,Dungarpur,2233,False,not specified in source
2024-25,Ganganagar,33480,False,not specified in source
2024-25,Hanumangarh,19683,False,not specified in source
2024-25,Jaipur,19839,False,not specified in source
2024-25,Jaisalmer,5014,False,not specified in source
2024-25,Jalor,6969,False,not specified in source
2024-25,Jhalawar,13600,False,not specified in source
2024-25,Jhunjhunu,7347,False,not specified in source
2024-25,Jodhpur,21330,False,not specified in source
2024-25,Karauli,3795,False,not specified in source
2024-25,Kota,22709,False,not specified in source
2024-25,Nagaur,24465,False,not specified in source
2024-25,Pali,13950,False,not specified in source
2024-25,Pratapgarh,9986,False,not specified in source
2024-25,Rajsamand,6379,False,not specified in source
2024-25,Sawai Madhopur,14047,False,not specified in source
2024-25,Sikar,10503,False,not specified in source
2024-25,Sirohi,9326,False,not specified in source
2024-25,Tonk,8912,False,not specified in source
2024-25,Udaipur,5992,False,not specified in source
2025-26,Ajmer,17255,True,not specified in source
2025-26,Alwar,25552,True,not specified in source
2025-26,Banswara,16219,True,not specified in source
2025-26,Baran,25721,True,not specified in source
2025-26,Barmer,13412,True,not specified in source
2025-26,Bharatpur,17828,True,not specified in source
2025-26,Bhilwara,31774,True,not specified in source
2025-26,Bikaner,28216,True,not specified in source
2025-26,Bundi,23385,True,not specified in source
2025-26,Chittorgarh,25752,True,not specified in source
2025-26,Churu,10070,True,not specified in source
2025-26,Dausa,7259,True,not specified in source
2025-26,Dhaulpur,7704,True,not specified in source
2025-26,Dungarpur,2152,True,not specified in source
2025-26,Ganganagar,30839,True,not specified in source
2025-26,Hanumangarh,29476,True,not specified in source
2025-26,Jaipur,27506,True,not specified in source
2025-26,Jaisalmer,5425,True,not specified in source
2025-26,Jalor,11238,True,not specified in source
2025-26,Jhalawar,16783,True,not specified in source
2025-26,Jhunjhunu,7571,True,not specified in source
2025-26,Jodhpur,20412,True,not specified in source
2025-26,Karauli,10376,True,not specified in source
2025-26,Kota,26673,True,not specified in source
2025-26,Nagaur,30429,True,not specified in source
2025-26,Pali,12078,True,not specified in source
2025-26,Pratapgarh,7606,True,not specified in source
2025-26,Rajsamand,7986,True,not specified in source
2025-26,Sawai Madhopur,13735,True,not specified in source
2025-26,Sikar,11372,True,not specified in source
2025-26,Sirohi,10787,True,not specified in source
2025-26,Tonk,14212,True,not specified in source
2025-26,Udaipur,8482,True,not specified in source
