forecast_year,state,fertilizer_type,actual_sales,naive_prediction,random_forest_prediction,naive_error,naive_absolute_error,random_forest_error,random_forest_absolute_error,potential_reporting_break
2019-20,Andaman & Nicobar,dap,0.0,0.0,0.0001,0.0,0.0,-0.0001,0.0001,0
2019-20,Andaman & Nicobar,mop,0.0,0.0,5e-05,0.0,0.0,-5e-05,5e-05,0
2019-20,Andaman & Nicobar,npks,0.0,0.0,0.0005,0.0,0.0,-0.0005,0.0005,0
2019-20,Andaman & Nicobar,urea,0.0,0.0,0.002020000000000001,0.0,0.0,-0.002020000000000001,0.002020000000000001,0
2019-20,Andhra Pradesh,dap,4.21,3.52,3.604249999999996,0.69,0.69,0.605750000000004,0.605750000000004,0
2019-20,Andhra Pradesh,mop,2.94,2.42,2.4305499999999984,0.52,0.52,0.5094500000000015,0.5094500000000015,0
2019-20,Andhra Pradesh,npks,17.27,13.52,14.047399999999996,3.75,3.75,3.2226000000000035,3.2226000000000035,0
2019-20,Andhra Pradesh,urea,15.92,14.26,15.073150000000037,1.6600000000000001,1.6600000000000001,0.8468499999999626,0.8468499999999626,0
2019-20,Arunachal Pradesh,dap,0.0,0.0,0.0,0.0,0.0,0.0,0.0,0
2019-20,Arunachal Pradesh,mop,0.0,0.0,0.0,0.0,0.0,0.0,0.0,0
2019-20,Arunachal Pradesh,npks,0.0,0.0,0.0,0.0,0.0,0.0,0.0,0
2019-20,Arunachal Pradesh,urea,0.0,0.0,0.0001,0.0,0.0,-0.0001,0.0001,0
2019-20,Assam,dap,0.79,0.65,0.7305500000000004,0.14,0.14,0.05944999999999967,0.05944999999999967,0
2019-20,Assam,mop,0.8,0.71,0.8087000000000001,0.09000000000000008,0.09000000000000008,-0.008700000000000041,0.008700000000000041,0
2019-20,Assam,npks,0.14,0.18,0.2614500000000001,-0.03999999999999998,0.03999999999999998,-0.12145000000000011,0.12145000000000011,0
2019-20,Assam,urea,3.46,3.63,3.741300000000002,-0.16999999999999993,0.16999999999999993,-0.2813000000000021,0.2813000000000021,0
2019-20,Bihar,dap,8.12,7.44,8.034300000000009,0.6799999999999988,0.6799999999999988,0.08569999999999034,0.08569999999999034,0
2019-20,Bihar,mop,2.61,2.46,2.208999999999995,0.1499999999999999,0.1499999999999999,0.4010000000000047,0.4010000000000047,0
2019-20,Bihar,npks,3.63,3.31,3.464499999999997,0.31999999999999984,0.31999999999999984,0.16550000000000287,0.16550000000000287,0
2019-20,Bihar,urea,23.3,22.65,24.429400000000008,0.6500000000000021,0.6500000000000021,-1.1294000000000075,1.1294000000000075,0
2019-20,Chandigarh,dap,0.0,0.0,0.0,0.0,0.0,0.0,0.0,0
2019-20,Chandigarh,mop,0.0,0.0,0.0,0.0,0.0,0.0,0.0,0
2019-20,Chandigarh,npks,0.0,0.0,0.00035000000000000005,0.0,0.0,-0.00035000000000000005,0.00035000000000000005,0
2019-20,Chandigarh,urea,0.0,0.0,0.00035000000000000005,0.0,0.0,-0.00035000000000000005,0.00035000000000000005,0
2019-20,Chhattisgarh,dap,4.51,3.56,3.6061499999999973,0.9499999999999997,0.9499999999999997,0.9038500000000025,0.9038500000000025,0
2019-20,Chhattisgarh,mop,1.12,0.92,0.9485999999999999,0.20000000000000007,0.20000000000000007,0.17140000000000022,0.17140000000000022,0
2019-20,Chhattisgarh,npks,1.19,0.94,1.1487499999999993,0.25,0.25,0.041250000000000675,0.041250000000000675,0
2019-20,Chhattisgarh,urea,9.17,7.96,8.825650000000008,1.21,1.21,0.3443499999999915,0.3443499999999915,0
2019-20,Dadra & Nagar Haveli,dap,0.01,0.0,0.0,0.01,0.01,0.01,0.01,0
2019-20,Dadra & Nagar Haveli,mop,0.0,0.0,0.0,0.0,0.0,0.0,0.0,0
2019-20,Dadra & Nagar Haveli,npks,0.0,0.0,0.0,0.0,0.0,0.0,0.0,0
2019-20,Dadra & Nagar Haveli,urea,0.01,0.0,0.003895833333333336,0.01,0.01,0.006104166666666664,0.006104166666666664,0
2019-20,Daman & Diu,dap,0.0,0.0,0.0,0.0,0.0,0.0,0.0,0
2019-20,Daman & Diu,mop,0.0,0.0,0.0,0.0,0.0,0.0,0.0,0
2019-20,Daman & Diu,npks,0.0,0.0,0.0,0.0,0.0,0.0,0.0,0
2019-20,Daman & Diu,urea,0.0,0.0,0.0,0.0,0.0,0.0,0.0,0
2019-20,Delhi,dap,0.04,0.04,0.04879999999999995,0.0,0.0,-0.008799999999999947,0.008799999999999947,0
2019-20,Delhi,mop,0.0,0.0,0.0015500000000000008,0.0,0.0,-0.0015500000000000008,0.0015500000000000008,0
2019-20,Delhi,npks,0.0,0.0,0.0,0.0,0.0,0.0,0.0,0
2019-20,Delhi,urea,0.22,0.25,0.24544999999999986,-0.03,0.03,-0.02544999999999986,0.02544999999999986,0
2019-20,Goa,dap,0.0,0.0,0.0010380952380952381,0.0,0.0,-0.0010380952380952381,0.0010380952380952381,0
2019-20,Goa,mop,0.01,0.0,0.0024500000000000012,0.01,0.01,0.007549999999999999,0.007549999999999999,0
2019-20,Goa,npks,0.03,0.03,0.026883333333333318,0.0,0.0,0.0031166666666666808,0.0031166666666666808,0
2019-20,Goa,urea,0.02,0.02,0.017342261904761905,0.0,0.0,0.002657738095238095,0.002657738095238095,0
2019-20,Gujarat,dap,6.55,5.18,5.196449999999996,1.37,1.37,1.3535500000000038,1.3535500000000038,0
2019-20,Gujarat,mop,1.51,1.25,1.331,0.26,0.26,0.17900000000000005,0.17900000000000005,0
2019-20,Gujarat,npks,7.79,6.64,7.990200000000009,1.1500000000000004,1.1500000000000004,-0.2002000000000086,0.2002000000000086,0
2019-20,Gujarat,urea,23.82,23.63,23.153700000000022,0.19000000000000128,0.19000000000000128,0.6662999999999784,0.6662999999999784,0
2019-20,Haryana,dap,6.32,5.89,6.839000000000006,0.4300000000000006,0.4300000000000006,-0.5190000000000055,0.5190000000000055,0
2019-20,Haryana,mop,0.6,0.58,0.7658499999999999,0.020000000000000018,0.020000000000000018,-0.16584999999999994,0.16584999999999994,0
2019-20,Haryana,npks,0.23,0.23,4.3310999999999975,0.0,0.0,-4.101099999999997,4.101099999999997,0
2019-20,Haryana,urea,21.52,20.88,23.570200000000018,0.6400000000000006,0.6400000000000006,-2.050200000000018,2.050200000000018,0
2019-20,Himachal Pradesh,dap,0.02,0.01,0.0053522619047619065,0.01,0.01,0.014647738095238094,0.014647738095238094,0
2019-20,Himachal Pradesh,mop,0.08,0.07,0.08720000000000003,0.009999999999999995,0.009999999999999995,-0.007200000000000026,0.007200000000000026,0
2019-20,Himachal Pradesh,npks,0.34,0.32,2.859750000000004,0.020000000000000018,0.020000000000000018,-2.519750000000004,2.519750000000004,0
2019-20,Himachal Pradesh,urea,0.72,0.74,0.7385000000000003,-0.020000000000000018,0.020000000000000018,-0.018500000000000294,0.018500000000000294,0
2019-20,J&K,dap,0.8,0.35,0.4188999999999996,0.45000000000000007,0.45000000000000007,0.38110000000000044,0.38110000000000044,0
2019-20,J&K,mop,0.48,0.16,0.2525999999999997,0.31999999999999995,0.31999999999999995,0.22740000000000027,0.22740000000000027,0
2019-20,J&K,npks,0.02,0.01,0.008975000000000006,0.01,0.01,0.011024999999999995,0.011024999999999995,0
2019-20,J&K,urea,2.16,0.96,1.349399999999999,1.2000000000000002,1.2000000000000002,0.8106000000000011,0.8106000000000011,0
2019-20,Jharkhand,dap,1.08,0.79,0.8484,0.29000000000000004,0.29000000000000004,0.23160000000000003,0.23160000000000003,0
2019-20,Jharkhand,mop,0.05,0.03,0.10460000000000008,0.020000000000000004,0.020000000000000004,-0.05460000000000008,0.05460000000000008,0
2019-20,Jharkhand,npks,0.36,0.38,0.6766999999999993,-0.020000000000000018,0.020000000000000018,-0.3166999999999993,0.3166999999999993,0
2019-20,Jharkhand,urea,2.58,2.41,2.3646500000000032,0.16999999999999993,0.16999999999999993,0.21534999999999682,0.21534999999999682,0
2019-20,Karnataka,dap,6.82,5.54,6.326850000000003,1.2800000000000002,1.2800000000000002,0.4931499999999973,0.4931499999999973,0
2019-20,Karnataka,mop,3.35,2.59,3.079399999999997,0.7600000000000002,0.7600000000000002,0.27060000000000306,0.27060000000000306,0
2019-20,Karnataka,npks,18.24,14.7,17.532400000000003,3.539999999999999,3.539999999999999,0.7075999999999958,0.7075999999999958,0
2019-20,Karnataka,urea,16.43,14.63,15.421050000000015,1.799999999999999,1.799999999999999,1.0089499999999845,1.0089499999999845,0
2019-20,Kerala,dap,0.21,0.17,0.2222000000000002,0.03999999999999998,0.03999999999999998,-0.01220000000000021,0.01220000000000021,0
2019-20,Kerala,mop,1.09,0.89,0.9427499999999998,0.20000000000000007,0.20000000000000007,0.14725000000000033,0.14725000000000033,0
2019-20,Kerala,npks,1.44,1.32,1.2473999999999987,0.11999999999999988,0.11999999999999988,0.19260000000000121,0.19260000000000121,0
2019-20,Kerala,urea,1.27,1.14,1.1882000000000001,0.13000000000000012,0.13000000000000012,0.08179999999999987,0.08179999999999987,0
2019-20,Lakshadweep,dap,0.0,0.0,0.0,0.0,0.0,0.0,0.0,0
2019-20,Lakshadweep,mop,0.0,0.0,0.0,0.0,0.0,0.0,0.0,0
2019-20,Lakshadweep,npks,0.0,0.0,0.0,0.0,0.0,0.0,0.0,0
2019-20,Lakshadweep,urea,0.0,0.0,0.0,0.0,0.0,0.0,0.0,0
2019-20,Madhya Pradesh,dap,16.07,13.46,14.197599999999992,2.6099999999999994,2.6099999999999994,1.8724000000000078,1.8724000000000078,0
2019-20,Madhya Pradesh,mop,1.5,1.13,1.2257499999999992,0.3700000000000001,0.3700000000000001,0.27425000000000077,0.27425000000000077,0
2019-20,Madhya Pradesh,npks,3.98,3.74,3.470699999999999,0.23999999999999977,0.23999999999999977,0.509300000000001,0.509300000000001,0
2019-20,Madhya Pradesh,urea,30.18,29.99,27.9344,0.19000000000000128,0.19000000000000128,2.2455999999999996,2.2455999999999996,0
2019-20,Maharashtra,dap,8.17,6.07,7.127500000000002,2.0999999999999996,2.0999999999999996,1.0424999999999978,1.0424999999999978,0
2019-20,Maharashtra,mop,4.09,3.24,3.6631499999999995,0.8499999999999996,0.8499999999999996,0.4268500000000004,0.4268500000000004,0
2019-20,Maharashtra,npks,26.89,21.9,23.906150000000007,4.990000000000002,4.990000000000002,2.9838499999999932,2.9838499999999932,0
2019-20,Maharashtra,urea,24.62,24.19,27.03430000000003,0.4299999999999997,0.4299999999999997,-2.414300000000029,2.414300000000029,0
2019-20,Manipur,dap,0.04,0.05,0.12450000000000003,-0.010000000000000002,0.010000000000000002,-0.08450000000000002,0.08450000000000002,0
2019-20,Manipur,mop,0.03,0.01,0.02814999999999993,0.019999999999999997,0.019999999999999997,0.0018500000000000703,0.0018500000000000703,0
2019-20,Manipur,npks,0.0,0.0,0.0,0.0,0.0,0.0,0.0,0
2019-20,Manipur,urea,0.22,0.26,0.25939999999999963,-0.04000000000000001,0.04000000000000001,-0.03939999999999963,0.03939999999999963,0
2019-20,Meghalaya,dap,0.0,0.0,0.0,0.0,0.0,0.0,0.0,0
2019-20,Meghalaya,mop,0.0,0.0,0.0,0.0,0.0,0.0,0.0,0
2019-20,Meghalaya,npks,0.0,0.0,0.0,0.0,0.0,0.0,0.0,0
2019-20,Meghalaya,urea,0.0,0.0,0.0,0.0,0.0,0.0,0.0,0
2019-20,Mizoram,dap,0.0,0.0,0.011000000000000003,0.0,0.0,-0.011000000000000003,0.011000000000000003,0
2019-20,Mizoram,mop,0.0,0.0,5e-05,0.0,0.0,-5e-05,5e-05,0
2019-20,Mizoram,npks,0.0,0.0,0.0,0.0,0.0,0.0,0.0,0
2019-20,Mizoram,urea,0.02,0.08,0.09674999999999993,-0.06,0.06,-0.07674999999999993,0.07674999999999993,0
2019-20,Nagaland,dap,0.0,0.0,0.0,0.0,0.0,0.0,0.0,0
2019-20,Nagaland,mop,0.0,0.0,0.0,0.0,0.0,0.0,0.0,0
2019-20,Nagaland,npks,0.0,0.0,0.0,0.0,0.0,0.0,0.0,0
2019-20,Nagaland,urea,0.01,0.01,0.005433750000000004,0.0,0.0,0.0045662499999999965,0.0045662499999999965,0
2019-20,Odisha,dap,2.52,1.99,2.2371000000000008,0.53,0.53,0.28289999999999926,0.28289999999999926,0
2019-20,Odisha,mop,1.38,1.21,1.3015499999999998,0.16999999999999993,0.16999999999999993,0.07845000000000013,0.07845000000000013,0
2019-20,Odisha,npks,2.65,2.53,2.647399999999997,0.1200000000000001,0.1200000000000001,0.0026000000000028223,0.0026000000000028223,0
2019-20,Odisha,urea,5.27,5.56,5.339799999999998,-0.29000000000000004,0.29000000000000004,-0.06979999999999809,0.06979999999999809,0
2019-20,Puducherry,dap,0.01,0.01,0.010142500000000006,0.0,0.0,-0.00014250000000000547,0.00014250000000000547,0
2019-20,Puducherry,mop,0.02,0.01,0.013949999999999985,0.01,0.01,0.0060500000000000154,0.0060500000000000154,0
2019-20,Puducherry,npks,0.09,0.07,0.19339999999999996,0.01999999999999999,0.01999999999999999,-0.10339999999999996,0.10339999999999996,0
2019-20,Puducherry,urea,0.14,0.11,0.13349999999999979,0.030000000000000013,0.030000000000000013,0.006500000000000228,0.006500000000000228,0
2019-20,Punjab,dap,7.73,7.29,7.935549999999993,0.4400000000000004,0.4400000000000004,-0.20554999999999257,0.20554999999999257,0
2019-20,Punjab,mop,0.85,0.64,0.7903999999999997,0.20999999999999996,0.20999999999999996,0.05960000000000032,0.05960000000000032,0
2019-20,Punjab,npks,0.36,0.38,0.45334999999999886,-0.020000000000000018,0.020000000000000018,-0.09334999999999888,0.09334999999999888,0
2019-20,Punjab,urea,29.37,29.64,27.875400000000024,-0.2699999999999996,0.2699999999999996,1.494599999999977,1.494599999999977,0
2019-20,Rajasthan,dap,9.17,8.38,8.364449999999998,0.7899999999999991,0.7899999999999991,0.805550000000002,0.805550000000002,0
2019-20,Rajasthan,mop,0.32,0.26,0.2856499999999998,0.06,0.06,0.034350000000000214,0.034350000000000214,0
2019-20,Rajasthan,npks,0.64,0.62,0.8307000000000001,0.020000000000000018,0.020000000000000018,-0.1907000000000001,0.1907000000000001,0
2019-20,Rajasthan,urea,23.21,22.97,24.24440000000001,0.240000000000002,0.240000000000002,-1.0344000000000086,1.0344000000000086,0
2019-20,Sikkim,dap,0.0,0.0,0.0,0.0,0.0,0.0,0.0,0
2019-20,Sikkim,mop,0.0,0.0,0.0,0.0,0.0,0.0,0.0,0
2019-20,Sikkim,npks,0.0,0.0,0.0,0.0,0.0,0.0,0.0,0
2019-20,Sikkim,urea,0.0,0.0,0.0,0.0,0.0,0.0,0.0,0
2019-20,Tamil Nadu,dap,2.72,2.46,2.6286499999999973,0.26000000000000023,0.26000000000000023,0.09135000000000293,0.09135000000000293,0
2019-20,Tamil Nadu,mop,3.07,2.52,2.7020499999999963,0.5499999999999998,0.5499999999999998,0.36795000000000355,0.36795000000000355,0
2019-20,Tamil Nadu,npks,7.38,6.17,7.22330000000001,1.21,1.21,0.15669999999999007,0.15669999999999007,0
2019-20,Tamil Nadu,urea,9.88,9.13,9.277700000000012,0.75,0.75,0.602299999999989,0.602299999999989,0
2019-20,Telangana,dap,3.14,2.32,2.5151499999999967,0.8200000000000003,0.8200000000000003,0.6248500000000035,0.6248500000000035,0
2019-20,Telangana,mop,2.47,1.71,2.2133999999999996,0.7600000000000002,0.7600000000000002,0.2566000000000006,0.2566000000000006,0
2019-20,Telangana,npks,15.18,12.21,13.127450000000005,2.969999999999999,2.969999999999999,2.0525499999999948,2.0525499999999948,0
2019-20,Telangana,urea,17.54,15.2,15.176099999999993,2.34,2.34,2.3639000000000063,2.3639000000000063,0
2019-20,Tripura,dap,0.05,0.02,0.09985000000000001,0.030000000000000002,0.030000000000000002,-0.049850000000000005,0.049850000000000005,0
2019-20,Tripura,mop,0.04,0.07,0.09709999999999995,-0.030000000000000006,0.030000000000000006,-0.05709999999999995,0.05709999999999995,0
2019-20,Tripura,npks,0.01,0.01,0.006916666666666671,0.0,0.0,0.0030833333333333294,0.0030833333333333294,0
2019-20,Tripura,urea,0.14,0.17,0.30110000000000037,-0.03,0.03,-0.16110000000000035,0.16110000000000035,0
2019-20,Uttar Pradesh,dap,0.38,0.44,0.37975000000000025,-0.06,0.06,0.0002499999999997504,0.0002499999999997504,0
2019-20,Uttar Pradesh,mop,0.06,0.07,0.21020000000000025,-0.010000000000000009,0.010000000000000009,-0.15020000000000025,0.15020000000000025,0
2019-20,Uttar Pradesh,npks,0.31,0.24,0.31589999999999985,0.07,0.07,-0.00589999999999985,0.00589999999999985,0
2019-20,Uttar Pradesh,urea,2.4,2.45,2.168699999999999,-0.050000000000000266,0.050000000000000266,0.23130000000000095,0.23130000000000095,0
2019-20,Uttarakhand,dap,25.76,21.94,23.677450000000018,3.8200000000000003,3.8200000000000003,2.0825499999999835,2.0825499999999835,0
2019-20,Uttarakhand,mop,2.78,2.4,3.286249999999997,0.3799999999999999,0.3799999999999999,-0.506249999999997,0.506249999999997,0
2019-20,Uttarakhand,npks,6.26,5.56,10.749500000000001,0.7000000000000002,0.7000000000000002,-4.489500000000001,4.489500000000001,0
2019-20,Uttarakhand,urea,74.13,70.95,55.89484999999993,3.1799999999999926,3.1799999999999926,18.23515000000007,18.23515000000007,0
2019-20,West Bengal,dap,3.94,3.43,3.2798499999999944,0.5099999999999998,0.5099999999999998,0.6601500000000056,0.6601500000000056,0
2019-20,West Bengal,mop,3.06,2.42,2.9713499999999953,0.6400000000000001,0.6400000000000001,0.08865000000000478,0.08865000000000478,0
2019-20,West Bengal,npks,11.39,9.98,10.695600000000004,1.4100000000000001,1.4100000000000001,0.6943999999999964,0.6943999999999964,0
2019-20,West Bengal,urea,12.78,13.11,13.141300000000003,-0.33000000000000007,0.33000000000000007,-0.3613000000000035,0.3613000000000035,0
2020-21,Andaman & Nicobar,dap,0.0,0.0,5e-05,0.0,0.0,-5e-05,5e-05,0
2020-21,Andaman & Nicobar,mop,0.0,0.0,0.0,0.0,0.0,0.0,0.0,0
2020-21,Andaman & Nicobar,npks,0.0,0.0,5e-05,0.0,0.0,-5e-05,5e-05,0
2020-21,Andaman & Nicobar,urea,0.0,0.0,0.0006999999999999999,0.0,0.0,-0.0006999999999999999,0.0006999999999999999,0
2020-21,Andhra Pradesh,dap,3.6,4.21,4.134850000000005,-0.6099999999999999,0.6099999999999999,-0.5348500000000045,0.5348500000000045,0
2020-21,Andhra Pradesh,mop,1.78,2.94,3.061049999999999,-1.16,1.16,-1.281049999999999,1.281049999999999,0
2020-21,Andhra Pradesh,npks,13.99,17.27,17.963449999999945,-3.2799999999999994,3.2799999999999994,-3.9734499999999446,3.9734499999999446,0
2020-21,Andhra Pradesh,urea,14.83,15.92,16.670999999999996,-1.0899999999999999,1.0899999999999999,-1.8409999999999958,1.8409999999999958,0
2020-21,Arunachal Pradesh,dap,0.0,0.0,0.0,0.0,0.0,0.0,0.0,0
2020-21,Arunachal Pradesh,mop,0.0,0.0,0.0,0.0,0.0,0.0,0.0,0
2020-21,Arunachal Pradesh,npks,0.0,0.0,0.0,0.0,0.0,0.0,0.0,0
2020-21,Arunachal Pradesh,urea,0.0,0.0,0.0,0.0,0.0,0.0,0.0,0
2020-21,Assam,dap,0.52,0.79,0.7811,-0.27,0.27,-0.2611,0.2611,0
2020-21,Assam,mop,0.55,0.8,0.8054499999999999,-0.25,0.25,-0.25544999999999984,0.25544999999999984,0
2020-21,Assam,npks,0.19,0.14,0.18860000000000013,0.04999999999999999,0.04999999999999999,0.0013999999999998736,0.0013999999999998736,0
2020-21,Assam,urea,3.6,3.46,3.5475000000000008,0.14000000000000012,0.14000000000000012,0.052499999999999325,0.052499999999999325,0
2020-21,Bihar,dap,5.52,8.12,8.677250000000006,-2.5999999999999996,2.5999999999999996,-3.1572500000000066,3.1572500000000066,0
2020-21,Bihar,mop,1.38,2.61,2.8562500000000015,-1.23,1.23,-1.4762500000000016,1.4762500000000016,0
2020-21,Bihar,npks,3.96,3.63,3.7718000000000007,0.33000000000000007,0.33000000000000007,0.18819999999999926,0.18819999999999926,0
2020-21,Bihar,urea,21.53,23.3,24.05560000000001,-1.7699999999999996,1.7699999999999996,-2.525600000000008,2.525600000000008,0
2020-21,Chandigarh,dap,0.0,0.0,0.0,0.0,0.0,0.0,0.0,0
2020-21,Chandigarh,mop,0.0,0.0,0.0,0.0,0.0,0.0,0.0,0
2020-21,Chandigarh,npks,0.0,0.0,0.0,0.0,0.0,0.0,0.0,0
2020-21,Chandigarh,urea,0.0,0.0,0.0,0.0,0.0,0.0,0.0,0
2020-21,Chhattisgarh,dap,3.53,4.51,5.6110500000000005,-0.98,0.98,-2.0810500000000007,2.0810500000000007,0
2020-21,Chhattisgarh,mop,0.83,1.12,1.12025,-0.29000000000000015,0.29000000000000015,-0.29025,0.29025,0
2020-21,Chhattisgarh,npks,1.31,1.19,1.3317499999999993,0.1200000000000001,0.1200000000000001,-0.02174999999999927,0.02174999999999927,0
2020-21,Chhattisgarh,urea,8.0,9.17,9.20000000000002,-1.17,1.17,-1.2000000000000206,1.2000000000000206,0
2020-21,Dadra & Nagar Haveli,dap,0.0,0.01,0.0027891666666666677,-0.01,0.01,-0.0027891666666666677,0.0027891666666666677,0
2020-21,Dadra & Nagar Haveli,mop,0.0,0.0,5e-05,0.0,0.0,-5e-05,5e-05,0
2020-21,Dadra & Nagar Haveli,npks,0.0,0.0,0.0,0.0,0.0,0.0,0.0,0
2020-21,Dadra & Nagar Haveli,urea,0.0,0.01,0.0032425000000000015,-0.01,0.01,-0.0032425000000000015,0.0032425000000000015,0
2020-21,Daman & Diu,dap,0.0,0.0,0.0,0.0,0.0,0.0,0.0,0
2020-21,Daman & Diu,mop,0.0,0.0,0.0,0.0,0.0,0.0,0.0,0
2020-21,Daman & Diu,npks,0.0,0.0,0.0,0.0,0.0,0.0,0.0,0
2020-21,Daman & Diu,urea,0.0,0.0,0.0,0.0,0.0,0.0,0.0,0
2020-21,Delhi,dap,0.03,0.04,0.04499999999999993,-0.010000000000000002,0.010000000000000002,-0.01499999999999993,0.01499999999999993,0
2020-21,Delhi,mop,0.0,0.0,0.0015833333333333337,0.0,0.0,-0.0015833333333333337,0.0015833333333333337,0
2020-21,Delhi,npks,0.0,0.0,0.0,0.0,0.0,0.0,0.0,0
2020-21,Delhi,urea,0.26,0.22,0.2077000000000001,0.04000000000000001,0.04000000000000001,0.0522999999999999,0.0522999999999999,0
2020-21,Goa,dap,0.0,0.0,0.0009000000000000001,0.0,0.0,-0.0009000000000000001,0.0009000000000000001,0
2020-21,Goa,mop,0.0,0.01,0.009350000000000008,-0.01,0.01,-0.009350000000000008,0.009350000000000008,0
2020-21,Goa,npks,0.03,0.03,0.02990000000000001,0.0,0.0,9.999999999998899e-05,9.999999999998899e-05,0
2020-21,Goa,urea,0.02,0.02,0.02047023809523806,0.0,0.0,-0.0004702380952380583,0.0004702380952380583,0
2020-21,Gujarat,dap,5.0,6.55,6.848849999999998,-1.5499999999999998,1.5499999999999998,-1.8488499999999979,1.8488499999999979,0
2020-21,Gujarat,mop,1.09,1.51,1.4796499999999977,-0.41999999999999993,0.41999999999999993,-0.3896499999999976,0.3896499999999976,0
2020-21,Gujarat,npks,6.69,7.79,8.34125,-1.0999999999999996,1.0999999999999996,-1.65125,1.65125,0
2020-21,Gujarat,urea,21.9,23.82,23.976550000000003,-1.9200000000000017,1.9200000000000017,-2.0765500000000046,2.0765500000000046,0
2020-21,Haryana,dap,4.96,6.32,6.409699999999999,-1.3600000000000003,1.3600000000000003,-1.449699999999999,1.449699999999999,0
2020-21,Haryana,mop,0.57,0.6,0.7322999999999993,-0.030000000000000027,0.030000000000000027,-0.16229999999999933,0.16229999999999933,0
2020-21,Haryana,npks,0.54,0.23,0.6929,0.31000000000000005,0.31000000000000005,-0.15289999999999992,0.15289999999999992,0
2020-21,Haryana,urea,20.75,21.52,22.347250000000034,-0.7699999999999996,0.7699999999999996,-1.5972500000000345,1.5972500000000345,0
2020-21,Himachal Pradesh,dap,0.0,0.02,0.014270476190476184,-0.02,0.02,-0.014270476190476184,0.014270476190476184,0
2020-21,Himachal Pradesh,mop,0.04,0.08,0.06999999999999997,-0.04,0.04,-0.029999999999999964,0.029999999999999964,0
2020-21,Himachal Pradesh,npks,0.19,0.34,1.03015,-0.15000000000000002,0.15000000000000002,-0.84015,0.84015,0
2020-21,Himachal Pradesh,urea,0.74,0.72,0.7056,0.020000000000000018,0.020000000000000018,0.034399999999999986,0.034399999999999986,0
2020-21,J&K,dap,0.44,0.8,0.9251000000000011,-0.36000000000000004,0.36000000000000004,-0.48510000000000114,0.48510000000000114,0
2020-21,J&K,mop,0.19,0.48,0.4339999999999997,-0.29,0.29,-0.24399999999999972,0.24399999999999972,0
2020-21,J&K,npks,0.0,0.02,0.019449999999999933,-0.02,0.02,-0.019449999999999933,0.019449999999999933,0
2020-21,J&K,urea,1.67,2.16,2.2055500000000006,-0.4900000000000002,0.4900000000000002,-0.5355500000000006,0.5355500000000006,0
2020-21,Jharkhand,dap,0.91,1.08,1.092950000000001,-0.17000000000000004,0.17000000000000004,-0.18295000000000095,0.18295000000000095,0
2020-21,Jharkhand,mop,0.01,0.05,0.057150000000000006,-0.04,0.04,-0.047150000000000004,0.047150000000000004,0
2020-21,Jharkhand,npks,0.45,0.36,0.32205,0.09000000000000002,0.09000000000000002,0.12795,0.12795,0
2020-21,Jharkhand,urea,2.57,2.58,2.5256999999999996,-0.010000000000000231,0.010000000000000231,0.04430000000000023,0.04430000000000023,0
2020-21,Karnataka,dap,5.73,6.82,7.2754999999999965,-1.0899999999999999,1.0899999999999999,-1.545499999999996,1.545499999999996,0
2020-21,Karnataka,mop,2.54,3.35,3.623099999999999,-0.81,0.81,-1.083099999999999,1.083099999999999,0
2020-21,Karnataka,npks,18.72,18.24,18.79274999999999,0.4800000000000004,0.4800000000000004,-0.0727499999999921,0.0727499999999921,0
2020-21,Karnataka,urea,17.84,16.43,18.17109999999999,1.4100000000000001,1.4100000000000001,-0.3310999999999886,0.3310999999999886,0
2020-21,Kerala,dap,0.14,0.21,0.2344500000000003,-0.06999999999999998,0.06999999999999998,-0.09445000000000028,0.09445000000000028,0
2020-21,Kerala,mop,0.77,1.09,1.0726500000000014,-0.32000000000000006,0.32000000000000006,-0.3026500000000014,0.3026500000000014,0
2020-21,Kerala,npks,1.26,1.44,1.291149999999998,-0.17999999999999994,0.17999999999999994,-0.031149999999998013,0.031149999999998013,0
2020-21,Kerala,urea,1.15,1.27,1.119899999999998,-0.1200000000000001,0.1200000000000001,0.030100000000002014,0.030100000000002014,0
2020-21,Lakshadweep,dap,0.0,0.0,0.0,0.0,0.0,0.0,0.0,0
2020-21,Lakshadweep,mop,0.0,0.0,0.0,0.0,0.0,0.0,0.0,0
2020-21,Lakshadweep,npks,0.0,0.0,0.0,0.0,0.0,0.0,0.0,0
2020-21,Lakshadweep,urea,0.0,0.0,0.0,0.0,0.0,0.0,0.0,0
2020-21,Madhya Pradesh,dap,12.03,16.07,16.991100000000014,-4.040000000000001,4.040000000000001,-4.961100000000014,4.961100000000014,0
2020-21,Madhya Pradesh,mop,1.18,1.5,1.5926999999999985,-0.32000000000000006,0.32000000000000006,-0.4126999999999985,0.4126999999999985,0
2020-21,Madhya Pradesh,npks,4.96,3.98,3.8860000000000054,0.98,0.98,1.0739999999999945,1.0739999999999945,0
2020-21,Madhya Pradesh,urea,29.18,30.18,28.906400000000012,-1.0,1.0,0.27359999999998763,0.27359999999998763,0
2020-21,Maharashtra,dap,5.87,8.17,8.3254,-2.3,2.3,-2.4554,2.4554,0
2020-21,Maharashtra,mop,3.26,4.09,3.9648000000000034,-0.8300000000000001,0.8300000000000001,-0.7048000000000036,0.7048000000000036,0
2020-21,Maharashtra,npks,25.75,26.89,28.811300000000024,-1.1400000000000006,1.1400000000000006,-3.061300000000024,3.061300000000024,0
2020-21,Maharashtra,urea,23.68,24.62,27.43445000000002,-0.9400000000000013,0.9400000000000013,-3.75445000000002,3.75445000000002,0
2020-21,Manipur,dap,0.01,0.04,0.05205,-0.03,0.03,-0.04205,0.04205,0
2020-21,Manipur,mop,0.0,0.03,0.033099999999999984,-0.03,0.03,-0.033099999999999984,0.033099999999999984,0
2020-21,Manipur,npks,0.01,0.0,0.0,0.01,0.01,0.01,0.01,0
2020-21,Manipur,urea,0.14,0.22,0.20050000000000018,-0.07999999999999999,0.07999999999999999,-0.060500000000000165,0.060500000000000165,0
2020-21,Meghalaya,dap,0.0,0.0,0.0,0.0,0.0,0.0,0.0,0
2020-21,Meghalaya,mop,0.0,0.0,0.0,0.0,0.0,0.0,0.0,0
2020-21,Meghalaya,npks,0.0,0.0,0.0,0.0,0.0,0.0,0.0,0
2020-21,Meghalaya,urea,0.0,0.0,0.0,0.0,0.0,0.0,0.0,0
2020-21,Mizoram,dap,0.0,0.0,0.0,0.0,0.0,0.0,0.0,0
2020-21,Mizoram,mop,0.0,0.0,0.0,0.0,0.0,0.0,0.0,0
2020-21,Mizoram,npks,0.0,0.0,0.0,0.0,0.0,0.0,0.0,0
2020-21,Mizoram,urea,0.01,0.02,0.02479999999999996,-0.01,0.01,-0.01479999999999996,0.01479999999999996,0
2020-21,Nagaland,dap,0.0,0.0,0.0,0.0,0.0,0.0,0.0,0
2020-21,Nagaland,mop,0.0,0.0,0.0,0.0,0.0,0.0,0.0,0
2020-21,Nagaland,npks,0.0,0.0,0.0,0.0,0.0,0.0,0.0,0
2020-21,Nagaland,urea,0.01,0.01,0.005086250000000003,0.0,0.0,0.004913749999999997,0.004913749999999997,0
2020-21,Odisha,dap,2.37,2.52,2.3909,-0.1499999999999999,0.1499999999999999,-0.020899999999999697,0.020899999999999697,0
2020-21,Odisha,mop,1.07,1.38,1.437799999999998,-0.30999999999999983,0.30999999999999983,-0.3677999999999979,0.3677999999999979,0
2020-21,Odisha,npks,2.49,2.65,3.0297999999999985,-0.1599999999999997,0.1599999999999997,-0.5397999999999983,0.5397999999999983,0
2020-21,Odisha,urea,5.53,5.27,5.922749999999993,0.2600000000000007,0.2600000000000007,-0.3927499999999924,0.3927499999999924,0
2020-21,Puducherry,dap,0.01,0.01,0.010200000000000002,0.0,0.0,-0.00020000000000000226,0.00020000000000000226,0
2020-21,Puducherry,mop,0.02,0.02,0.02534999999999994,0.0,0.0,-0.005349999999999938,0.005349999999999938,0
2020-21,Puducherry,npks,0.07,0.09,0.1100499999999999,-0.01999999999999999,0.01999999999999999,-0.04004999999999989,0.04004999999999989,0
2020-21,Puducherry,urea,0.15,0.14,0.13169999999999984,0.009999999999999981,0.009999999999999981,0.01830000000000015,0.01830000000000015,0
2020-21,Punjab,dap,6.27,7.73,8.1461,-1.4600000000000009,1.4600000000000009,-1.876100000000001,1.876100000000001,0
2020-21,Punjab,mop,0.64,0.85,0.9762500000000014,-0.20999999999999996,0.20999999999999996,-0.3362500000000014,0.3362500000000014,0
2020-21,Punjab,npks,1.21,0.36,0.4224999999999995,0.85,0.85,0.7875000000000005,0.7875000000000005,0
2020-21,Punjab,urea,31.34,29.37,28.65675,1.9699999999999989,1.9699999999999989,2.683250000000001,2.683250000000001,0
2020-21,Rajasthan,dap,6.1,9.17,9.356900000000017,-3.0700000000000003,3.0700000000000003,-3.2569000000000177,3.2569000000000177,0
2020-21,Rajasthan,mop,0.24,0.32,0.37639999999999996,-0.08000000000000002,0.08000000000000002,-0.13639999999999997,0.13639999999999997,0
2020-21,Rajasthan,npks,1.2,0.64,0.7131500000000003,0.5599999999999999,0.5599999999999999,0.48684999999999967,0.48684999999999967,0
2020-21,Rajasthan,urea,22.59,23.21,24.307199999999998,-0.620000000000001,0.620000000000001,-1.7171999999999983,1.7171999999999983,0
2020-21,Sikkim,dap,0.0,0.0,0.0,0.0,0.0,0.0,0.0,0
2020-21,Sikkim,mop,0.0,0.0,0.0,0.0,0.0,0.0,0.0,0
2020-21,Sikkim,npks,0.0,0.0,0.0,0.0,0.0,0.0,0.0,0
2020-21,Sikkim,urea,0.0,0.0,0.0,0.0,0.0,0.0,0.0,0
2020-21,Tamil Nadu,dap,2.39,2.72,2.9656499999999992,-0.33000000000000007,0.33000000000000007,-0.5756499999999991,0.5756499999999991,0
2020-21,Tamil Nadu,mop,2.53,3.07,13.986900000000007,-0.54,0.54,-11.456900000000008,11.456900000000008,0
2020-21,Tamil Nadu,npks,8.17,7.38,8.12519999999999,0.79,0.79,0.04480000000000928,0.04480000000000928,0
2020-21,Tamil Nadu,urea,10.4,9.88,9.339750000000016,0.5199999999999996,0.5199999999999996,1.060249999999984,1.060249999999984,0
2020-21,Telangana,dap,2.98,3.14,3.699649999999994,-0.16000000000000014,0.16000000000000014,-0.7196499999999939,0.7196499999999939,0
2020-21,Telangana,mop,1.39,2.47,2.4108000000000005,-1.0800000000000003,1.0800000000000003,-1.0208000000000006,1.0208000000000006,0
2020-21,Telangana,npks,13.24,15.18,16.634899999999973,-1.9399999999999995,1.9399999999999995,-3.394899999999973,3.394899999999973,0
2020-21,Telangana,urea,17.12,17.54,20.046999999999958,-0.41999999999999815,0.41999999999999815,-2.926999999999957,2.926999999999957,0
2020-21,Tripura,dap,0.01,0.05,0.052799999999999916,-0.04,0.04,-0.042799999999999915,0.042799999999999915,0
2020-21,Tripura,mop,0.01,0.04,0.06580000000000007,-0.03,0.03,-0.055800000000000065,0.055800000000000065,0
2020-21,Tripura,npks,0.01,0.01,0.013490476190476173,0.0,0.0,-0.0034904761904761723,0.0034904761904761723,0
2020-21,Tripura,urea,0.18,0.14,0.19665000000000035,0.03999999999999998,0.03999999999999998,-0.01665000000000036,0.01665000000000036,0
2020-21,Uttar Pradesh,dap,0.31,0.38,1.2238999999999989,-0.07,0.07,-0.9138999999999988,0.9138999999999988,0
2020-21,Uttar Pradesh,mop,0.04,0.06,0.08050000000000007,-0.019999999999999997,0.019999999999999997,-0.04050000000000007,0.04050000000000007,0
2020-21,Uttar Pradesh,npks,0.22,0.31,0.2907000000000002,-0.09,0.09,-0.07070000000000018,0.07070000000000018,0
2020-21,Uttar Pradesh,urea,2.09,2.4,2.3672999999999984,-0.31000000000000005,0.31000000000000005,-0.27729999999999855,0.27729999999999855,0
2020-21,Uttarakhand,dap,21.2,25.76,28.580000000000055,-4.560000000000002,4.560000000000002,-7.380000000000056,7.380000000000056,0
2020-21,Uttarakhand,mop,1.91,2.78,3.3990000000000014,-0.8699999999999999,0.8699999999999999,-1.4890000000000014,1.4890000000000014,0
2020-21,Uttarakhand,npks,6.36,6.26,8.933050000000007,0.10000000000000053,0.10000000000000053,-2.5730500000000065,2.5730500000000065,0
2020-21,Uttarakhand,urea,71.12,74.13,64.9459999999998,-3.009999999999991,3.009999999999991,6.1740000000002055,6.1740000000002055,0
2020-21,West Bengal,dap,2.7,3.94,3.9848000000000043,-1.2399999999999998,1.2399999999999998,-1.2848000000000042,1.2848000000000042,0
2020-21,West Bengal,mop,1.89,3.06,14.082850000000008,-1.1700000000000002,1.1700000000000002,-12.192850000000007,12.192850000000007,0
2020-21,West Bengal,npks,10.34,11.39,11.447950000000017,-1.0500000000000007,1.0500000000000007,-1.1079500000000166,1.1079500000000166,0
2020-21,West Bengal,urea,13.3,12.78,14.044650000000008,0.5200000000000014,0.5200000000000014,-0.7446500000000071,0.7446500000000071,0
2021-22,Andaman & Nicobar,dap,0.0,0.0,0.0049333333333333364,0.0,0.0,-0.0049333333333333364,0.0049333333333333364,0
2021-22,Andaman & Nicobar,mop,0.0,0.0,0.003400000000000002,0.0,0.0,-0.003400000000000002,0.003400000000000002,0
2021-22,Andaman & Nicobar,npks,0.0,0.0,0.0,0.0,0.0,0.0,0.0,0
2021-22,Andaman & Nicobar,urea,0.0,0.0,0.0016000000000000005,0.0,0.0,-0.0016000000000000005,0.0016000000000000005,0
2021-22,Andhra Pradesh,dap,4.64,3.6,3.4484499999999967,1.0399999999999996,1.0399999999999996,1.191550000000003,1.191550000000003,0
2021-22,Andhra Pradesh,mop,1.18,1.78,2.24995,-0.6000000000000001,0.6000000000000001,-1.0699500000000002,1.0699500000000002,0
2021-22,Andhra Pradesh,npks,13.73,13.99,14.96040000000001,-0.2599999999999998,0.2599999999999998,-1.2304000000000102,1.2304000000000102,0
2021-22,Andhra Pradesh,urea,15.87,14.83,15.316000000000022,1.0399999999999991,1.0399999999999991,0.5539999999999772,0.5539999999999772,0
2021-22,Arunachal Pradesh,dap,0.0,0.0,0.0,0.0,0.0,0.0,0.0,0
2021-22,Arunachal Pradesh,mop,0.0,0.0,0.0,0.0,0.0,0.0,0.0,0
2021-22,Arunachal Pradesh,npks,0.0,0.0,0.0,0.0,0.0,0.0,0.0,0
2021-22,Arunachal Pradesh,urea,0.01,0.0,0.0,0.01,0.01,0.01,0.01,0
2021-22,Assam,dap,0.63,0.52,0.673749999999999,0.10999999999999999,0.10999999999999999,-0.043749999999998956,0.043749999999998956,0
2021-22,Assam,mop,0.47,0.55,0.7044499999999994,-0.08000000000000007,0.08000000000000007,-0.23444999999999938,0.23444999999999938,0
2021-22,Assam,npks,0.19,0.19,0.18150000000000016,0.0,0.0,0.008499999999999841,0.008499999999999841,0
2021-22,Assam,urea,3.56,3.6,3.540850000000004,-0.040000000000000036,0.040000000000000036,0.019149999999996226,0.019149999999996226,0
2021-22,Bihar,dap,5.66,5.52,5.995900000000005,0.14000000000000057,0.14000000000000057,-0.335900000000005,0.335900000000005,0
2021-22,Bihar,mop,1.26,1.38,1.7042500000000007,-0.11999999999999988,0.11999999999999988,-0.4442500000000007,0.4442500000000007,0
2021-22,Bihar,npks,4.25,3.96,3.5453000000000054,0.29000000000000004,0.29000000000000004,0.7046999999999946,0.7046999999999946,0
2021-22,Bihar,urea,21.96,21.53,21.552600000000037,0.4299999999999997,0.4299999999999997,0.40739999999996357,0.40739999999996357,0
2021-22,Chandigarh,dap,0.0,0.0,0.0,0.0,0.0,0.0,0.0,0
2021-22,Chandigarh,mop,0.0,0.0,0.0,0.0,0.0,0.0,0.0,0
2021-22,Chandigarh,npks,0.0,0.0,0.0,0.0,0.0,0.0,0.0,0
2021-22,Chandigarh,urea,0.0,0.0,0.0,0.0,0.0,0.0,0.0,0
2021-22,Chhattisgarh,dap,3.14,3.53,3.924650000000001,-0.3899999999999997,0.3899999999999997,-0.784650000000001,0.784650000000001,0
2021-22,Chhattisgarh,mop,0.56,0.83,0.9102999999999996,-0.2699999999999999,0.2699999999999999,-0.3502999999999995,0.3502999999999995,0
2021-22,Chhattisgarh,npks,1.06,1.31,1.2155999999999998,-0.25,0.25,-0.15559999999999974,0.15559999999999974,0
2021-22,Chhattisgarh,urea,8.38,8.0,7.673650000000002,0.3800000000000008,0.3800000000000008,0.7063499999999987,0.7063499999999987,0
2021-22,Dadra & Nagar Haveli,dap,0.0,0.0,0.0013000000000000004,0.0,0.0,-0.0013000000000000004,0.0013000000000000004,0
2021-22,Dadra & Nagar Haveli,mop,0.0,0.0,0.0,0.0,0.0,0.0,0.0,0
2021-22,Dadra & Nagar Haveli,npks,0.0,0.0,0.0,0.0,0.0,0.0,0.0,0
2021-22,Dadra & Nagar Haveli,urea,0.01,0.0,0.0021716666666666677,0.01,0.01,0.007828333333333333,0.007828333333333333,0
2021-22,Daman & Diu,dap,0.0,0.0,0.0,0.0,0.0,0.0,0.0,0
2021-22,Daman & Diu,mop,0.0,0.0,0.0,0.0,0.0,0.0,0.0,0
2021-22,Daman & Diu,npks,0.0,0.0,0.0,0.0,0.0,0.0,0.0,0
2021-22,Daman & Diu,urea,0.0,0.0,0.0,0.0,0.0,0.0,0.0,0
2021-22,Delhi,dap,0.05,0.03,0.03694999999999999,0.020000000000000004,0.020000000000000004,0.013050000000000013,0.013050000000000013,0
2021-22,Delhi,mop,0.0,0.0,0.0,0.0,0.0,0.0,0.0,0
2021-22,Delhi,npks,0.0,0.0,0.0,0.0,0.0,0.0,0.0,0
2021-22,Delhi,urea,0.28,0.26,0.24099999999999963,0.020000000000000018,0.020000000000000018,0.039000000000000395,0.039000000000000395,0
2021-22,Goa,dap,0.0,0.0,0.00035000000000000005,0.0,0.0,-0.00035000000000000005,0.00035000000000000005,0
2021-22,Goa,mop,0.0,0.0,0.005600000000000004,0.0,0.0,-0.005600000000000004,0.005600000000000004,0
2021-22,Goa,npks,0.03,0.03,0.026249999999999954,0.0,0.0,0.003750000000000045,0.003750000000000045,0
2021-22,Goa,urea,0.02,0.02,0.015385039682539675,0.0,0.0,0.004614960317460325,0.004614960317460325,0
2021-22,Gujarat,dap,6.1,5.0,5.584250000000005,1.0999999999999996,1.0999999999999996,0.5157499999999944,0.5157499999999944,0
2021-22,Gujarat,mop,0.81,1.09,1.2266000000000001,-0.28,0.28,-0.4166000000000001,0.4166000000000001,0
2021-22,Gujarat,npks,5.23,6.69,6.816999999999998,-1.46,1.46,-1.586999999999998,1.586999999999998,0
2021-22,Gujarat,urea,24.73,21.9,22.87865000000003,2.830000000000002,2.830000000000002,1.8513499999999716,1.8513499999999716,0
2021-22,Haryana,dap,5.59,4.96,5.336200000000004,0.6299999999999999,0.6299999999999999,0.2537999999999956,0.2537999999999956,0
2021-22,Haryana,mop,0.35,0.57,0.7628499999999996,-0.21999999999999997,0.21999999999999997,-0.4128499999999996,0.4128499999999996,0
2021-22,Haryana,npks,0.26,0.54,0.4910499999999998,-0.28,0.28,-0.2310499999999998,0.2310499999999998,0
2021-22,Haryana,urea,20.46,20.75,21.372200000000017,-0.28999999999999915,0.28999999999999915,-0.9122000000000163,0.9122000000000163,0
2021-22,Himachal Pradesh,dap,0.02,0.0,0.004708333333333337,0.02,0.02,0.015291666666666663,0.015291666666666663,0
2021-22,Himachal Pradesh,mop,0.04,0.04,0.03614999999999993,0.0,0.0,0.0038500000000000686,0.0038500000000000686,0
2021-22,Himachal Pradesh,npks,0.35,0.19,0.29175,0.15999999999999998,0.15999999999999998,0.05824999999999997,0.05824999999999997,0
2021-22,Himachal Pradesh,urea,0.74,0.74,0.6627499999999996,0.0,0.0,0.07725000000000037,0.07725000000000037,0
2021-22,J&K,dap,0.48,0.44,0.637099999999999,0.03999999999999998,0.03999999999999998,-0.15709999999999902,0.15709999999999902,0
2021-22,J&K,mop,0.17,0.19,1.3037999999999992,-0.01999999999999999,0.01999999999999999,-1.1337999999999993,1.1337999999999993,0
2021-22,J&K,npks,0.0,0.0,0.011059999999999997,0.0,0.0,-0.011059999999999997,0.011059999999999997,0
2021-22,J&K,urea,1.6,1.67,1.6867499999999978,-0.06999999999999984,0.06999999999999984,-0.08674999999999766,0.08674999999999766,0
2021-22,Jharkhand,dap,0.77,0.91,1.00915,-0.14,0.14,-0.23914999999999997,0.23914999999999997,0
2021-22,Jharkhand,mop,0.04,0.01,0.04084999999999993,0.03,0.03,-0.0008499999999999272,0.0008499999999999272,0
2021-22,Jharkhand,npks,0.45,0.45,0.5391499999999995,0.0,0.0,-0.08914999999999945,0.08914999999999945,0
2021-22,Jharkhand,urea,2.56,2.57,2.428549999999997,-0.009999999999999787,0.009999999999999787,0.13145000000000318,0.13145000000000318,0
2021-22,Karnataka,dap,6.21,5.73,5.732100000000006,0.47999999999999954,0.47999999999999954,0.4778999999999938,0.4778999999999938,0
2021-22,Karnataka,mop,1.41,2.54,2.712799999999996,-1.1300000000000001,1.1300000000000001,-1.3027999999999962,1.3027999999999962,0
2021-22,Karnataka,npks,16.67,18.72,17.97454999999998,-2.049999999999997,2.049999999999997,-1.3045499999999777,1.3045499999999777,0
2021-22,Karnataka,urea,18.21,17.84,18.152449999999984,0.370000000000001,0.370000000000001,0.057550000000016865,0.057550000000016865,0
2021-22,Kerala,dap,0.19,0.14,0.18885000000000013,0.04999999999999999,0.04999999999999999,0.0011499999999998733,0.0011499999999998733,0
2021-22,Kerala,mop,0.78,0.77,0.8661500000000001,0.010000000000000009,0.010000000000000009,-0.08615000000000006,0.08615000000000006,0
2021-22,Kerala,npks,1.02,1.26,1.2202499999999987,-0.24,0.24,-0.2002499999999987,0.2002499999999987,0
2021-22,Kerala,urea,1.12,1.15,1.1824499999999996,-0.029999999999999805,0.029999999999999805,-0.06244999999999945,0.06244999999999945,0
2021-22,Lakshadweep,dap,0.0,0.0,0.0,0.0,0.0,0.0,0.0,0
2021-22,Lakshadweep,mop,0.0,0.0,0.0,0.0,0.0,0.0,0.0,0
2021-22,Lakshadweep,npks,0.0,0.0,0.0,0.0,0.0,0.0,0.0,0
2021-22,Lakshadweep,urea,0.0,0.0,0.0,0.0,0.0,0.0,0.0,0
2021-22,Madhya Pradesh,dap,13.85,12.03,14.165099999999978,1.8200000000000003,1.8200000000000003,-0.31509999999997795,0.31509999999997795,0
2021-22,Madhya Pradesh,mop,0.62,1.18,1.495900000000001,-0.5599999999999999,0.5599999999999999,-0.8759000000000009,0.8759000000000009,0
2021-22,Madhya Pradesh,npks,4.79,4.96,4.181650000000001,-0.16999999999999993,0.16999999999999993,0.6083499999999988,0.6083499999999988,0
2021-22,Madhya Pradesh,urea,32.39,29.18,30.110950000000045,3.210000000000001,3.210000000000001,2.2790499999999554,2.2790499999999554,0
2021-22,Maharashtra,dap,7.18,5.87,6.121150000000005,1.3099999999999996,1.3099999999999996,1.0588499999999943,1.0588499999999943,0
2021-22,Maharashtra,mop,1.38,3.26,3.9070500000000035,-1.88,1.88,-2.5270500000000036,2.5270500000000036,0
2021-22,Maharashtra,npks,20.46,25.75,25.27054999999999,-5.289999999999999,5.289999999999999,-4.810549999999989,4.810549999999989,0
2021-22,Maharashtra,urea,24.66,23.68,24.034899999999983,0.9800000000000004,0.9800000000000004,0.6251000000000175,0.6251000000000175,0
2021-22,Manipur,dap,0.04,0.01,0.03004999999999997,0.03,0.03,0.009950000000000032,0.009950000000000032,0
2021-22,Manipur,mop,0.04,0.0,0.012099999999999982,0.04,0.04,0.02790000000000002,0.02790000000000002,0
2021-22,Manipur,npks,0.03,0.01,0.007400000000000005,0.019999999999999997,0.019999999999999997,0.022599999999999995,0.022599999999999995,0
2021-22,Manipur,urea,0.31,0.14,0.20045000000000018,0.16999999999999998,0.16999999999999998,0.10954999999999981,0.10954999999999981,0
2021-22,Meghalaya,dap,0.0,0.0,0.0,0.0,0.0,0.0,0.0,0
2021-22,Meghalaya,mop,0.0,0.0,0.0,0.0,0.0,0.0,0.0,0
2021-22,Meghalaya,npks,0.0,0.0,0.0,0.0,0.0,0.0,0.0,0
2021-22,Meghalaya,urea,0.0,0.0,0.0,0.0,0.0,0.0,0.0,0
2021-22,Mizoram,dap,0.01,0.0,0.0,0.01,0.01,0.01,0.01,0
2021-22,Mizoram,mop,0.0,0.0,0.0,0.0,0.0,0.0,0.0,0
2021-22,Mizoram,npks,0.0,0.0,0.0,0.0,0.0,0.0,0.0,0
2021-22,Mizoram,urea,0.1,0.01,0.02984999999999992,0.09000000000000001,0.09000000000000001,0.07015000000000009,0.07015000000000009,0
2021-22,Nagaland,dap,0.0,0.0,0.0,0.0,0.0,0.0,0.0,0
2021-22,Nagaland,mop,0.0,0.0,0.0,0.0,0.0,0.0,0.0,0
2021-22,Nagaland,npks,0.0,0.0,0.0,0.0,0.0,0.0,0.0,0
2021-22,Nagaland,urea,0.01,0.01,0.00495666666666667,0.0,0.0,0.00504333333333333,0.00504333333333333,0
2021-22,Odisha,dap,1.94,2.37,2.302249999999998,-0.43000000000000016,0.43000000000000016,-0.3622499999999982,0.3622499999999982,0
2021-22,Odisha,mop,0.61,1.07,1.27815,-0.4600000000000001,0.4600000000000001,-0.6681499999999999,0.6681499999999999,0
2021-22,Odisha,npks,2.63,2.49,2.4684499999999994,0.13999999999999968,0.13999999999999968,0.16155000000000053,0.16155000000000053,0
2021-22,Odisha,urea,5.6,5.53,5.60439999999999,0.0699999999999994,0.0699999999999994,-0.004399999999990634,0.004399999999990634,0
2021-22,Puducherry,dap,0.02,0.01,0.010250000000000002,0.01,0.01,0.009749999999999998,0.009749999999999998,0
2021-22,Puducherry,mop,0.01,0.02,0.014599999999999978,-0.01,0.01,-0.004599999999999977,0.004599999999999977,0
2021-22,Puducherry,npks,0.06,0.07,0.08205000000000004,-0.010000000000000009,0.010000000000000009,-0.022050000000000042,0.022050000000000042,0
2021-22,Puducherry,urea,0.17,0.15,0.15300000000000008,0.020000000000000018,0.020000000000000018,0.016999999999999932,0.016999999999999932,0
2021-22,Punjab,dap,7.17,6.27,6.157550000000004,0.9000000000000004,0.9000000000000004,1.0124499999999959,1.0124499999999959,0
2021-22,Punjab,mop,0.41,0.64,0.8254999999999997,-0.23000000000000004,0.23000000000000004,-0.4154999999999997,0.4154999999999997,0
2021-22,Punjab,npks,0.58,1.21,0.8545000000000005,-0.63,0.63,-0.2745000000000005,0.2745000000000005,0
2021-22,Punjab,urea,29.45,31.34,28.559500000000035,-1.8900000000000006,1.8900000000000006,0.8904999999999639,0.8904999999999639,0
2021-22,Rajasthan,dap,8.47,6.1,6.1326500000000035,2.370000000000001,2.370000000000001,2.337349999999997,2.337349999999997,0
2021-22,Rajasthan,mop,0.14,0.24,0.28174999999999994,-0.09999999999999998,0.09999999999999998,-0.14174999999999993,0.14174999999999993,0
2021-22,Rajasthan,npks,0.72,1.2,0.8681000000000003,-0.48,0.48,-0.14810000000000034,0.14810000000000034,0
2021-22,Rajasthan,urea,25.17,22.59,22.894400000000036,2.580000000000002,2.580000000000002,2.275599999999965,2.275599999999965,0
2021-22,Sikkim,dap,0.0,0.0,0.0,0.0,0.0,0.0,0.0,0
2021-22,Sikkim,mop,0.0,0.0,0.0,0.0,0.0,0.0,0.0,0
2021-22,Sikkim,npks,0.0,0.0,0.0,0.0,0.0,0.0,0.0,0
2021-22,Sikkim,urea,0.0,0.0,0.0,0.0,0.0,0.0,0.0,0
2021-22,Tamil Nadu,dap,2.76,2.39,2.5343999999999975,0.36999999999999966,0.36999999999999966,0.22560000000000224,0.22560000000000224,0
2021-22,Tamil Nadu,mop,1.65,2.53,2.686899999999997,-0.8799999999999999,0.8799999999999999,-1.036899999999997,1.036899999999997,0
2021-22,Tamil Nadu,npks,7.38,8.17,7.070999999999994,-0.79,0.79,0.3090000000000055,0.3090000000000055,0
2021-22,Tamil Nadu,urea,10.05,10.4,9.654250000000014,-0.34999999999999964,0.34999999999999964,0.39574999999998717,0.39574999999998717,0
2021-22,Telangana,dap,3.71,2.98,2.202799999999996,0.73,0.73,1.507200000000004,1.507200000000004,0
2021-22,Telangana,mop,0.74,1.39,1.6908999999999994,-0.6499999999999999,0.6499999999999999,-0.9508999999999994,0.9508999999999994,0
2021-22,Telangana,npks,12.9,13.24,15.991799999999978,-0.33999999999999986,0.33999999999999986,-3.091799999999978,3.091799999999978,0
2021-22,Telangana,urea,18.83,17.12,17.611249999999973,1.7099999999999973,1.7099999999999973,1.2187500000000249,1.2187500000000249,0
2021-22,Tripura,dap,0.02,0.01,0.02089999999999994,0.01,0.01,-0.000899999999999939,0.000899999999999939,0
2021-22,Tripura,mop,0.02,0.01,0.022299999999999917,0.01,0.01,-0.0022999999999999167,0.0022999999999999167,0
2021-22,Tripura,npks,0.02,0.01,0.017599999999999963,0.01,0.01,0.0024000000000000375,0.0024000000000000375,0
2021-22,Tripura,urea,0.19,0.18,0.2142500000000001,0.010000000000000009,0.010000000000000009,-0.024250000000000105,0.024250000000000105,0
2021-22,Uttar Pradesh,dap,0.52,0.31,0.3051000000000001,0.21000000000000002,0.21000000000000002,0.21489999999999992,0.21489999999999992,0
2021-22,Uttar Pradesh,mop,0.03,0.04,0.025799999999999917,-0.010000000000000002,0.010000000000000002,0.004200000000000082,0.004200000000000082,0
2021-22,Uttar Pradesh,npks,0.11,0.22,0.20195000000000024,-0.11,0.11,-0.09195000000000024,0.09195000000000024,0
2021-22,Uttar Pradesh,urea,2.05,2.09,2.267499999999997,-0.040000000000000036,0.040000000000000036,-0.21749999999999714,0.21749999999999714,0
2021-22,Uttarakhand,dap,22.38,21.2,22.53890000000001,1.1799999999999997,1.1799999999999997,-0.1589000000000098,0.1589000000000098,0
2021-22,Uttarakhand,mop,1.22,1.91,2.4225000000000003,-0.69,0.69,-1.2025000000000003,1.2025000000000003,0
2021-22,Uttarakhand,npks,4.79,6.36,6.878550000000002,-1.5700000000000003,1.5700000000000003,-2.0885500000000023,2.0885500000000023,0
2021-22,Uttarakhand,urea,74.72,71.12,69.82,3.5999999999999943,3.5999999999999943,4.900000000000006,4.900000000000006,0
2021-22,West Bengal,dap,3.77,2.7,2.9618,1.0699999999999998,1.0699999999999998,0.8081999999999998,0.8081999999999998,0
2021-22,West Bengal,mop,2.36,1.89,2.351200000000001,0.47,0.47,0.00879999999999903,0.00879999999999903,0
2021-22,West Bengal,npks,9.61,10.34,9.910250000000014,-0.7300000000000004,0.7300000000000004,-0.30025000000001434,0.30025000000001434,0
2021-22,West Bengal,urea,14.05,13.3,13.980900000000005,0.75,0.75,0.06909999999999528,0.06909999999999528,0
2022-23,Andaman & Nicobar,dap,0.0,0.0,0.002150000000000001,0.0,0.0,-0.002150000000000001,0.002150000000000001,0
2022-23,Andaman & Nicobar,mop,0.0,0.0,0.0006999999999999999,0.0,0.0,-0.0006999999999999999,0.0006999999999999999,0
2022-23,Andaman & Nicobar,npks,0.0,0.0,0.0,0.0,0.0,0.0,0.0,0
2022-23,Andaman & Nicobar,urea,0.0,0.0,0.0010000000000000002,0.0,0.0,-0.0010000000000000002,0.0010000000000000002,0
2022-23,Andhra Pradesh,dap,4.2,4.64,3.9868500000000013,-0.4399999999999995,0.4399999999999995,0.21314999999999884,0.21314999999999884,0
2022-23,Andhra Pradesh,mop,1.31,1.18,0.9221000000000017,0.13000000000000012,0.13000000000000012,0.38789999999999836,0.38789999999999836,0
2022-23,Andhra Pradesh,npks,14.02,13.73,14.540850000000011,0.28999999999999915,0.28999999999999915,-0.5208500000000118,0.5208500000000118,0
2022-23,Andhra Pradesh,urea,14.99,15.87,15.307199999999984,-0.879999999999999,0.879999999999999,-0.3171999999999837,0.3171999999999837,0
2022-23,Arunachal Pradesh,dap,0.0,0.0,0.0,0.0,0.0,0.0,0.0,0
2022-23,Arunachal Pradesh,mop,0.0,0.0,0.0,0.0,0.0,0.0,0.0,0
2022-23,Arunachal Pradesh,npks,0.0,0.0,0.0,0.0,0.0,0.0,0.0,0
2022-23,Arunachal Pradesh,urea,0.01,0.01,0.00834333333333334,0.0,0.0,0.0016566666666666605,0.0016566666666666605,0
2022-23,Assam,dap,0.72,0.63,0.6753000000000001,0.08999999999999997,0.08999999999999997,0.04469999999999985,0.04469999999999985,0
2022-23,Assam,mop,0.44,0.47,0.5485999999999998,-0.02999999999999997,0.02999999999999997,-0.10859999999999975,0.10859999999999975,0
2022-23,Assam,npks,0.23,0.19,0.21675000000000005,0.04000000000000001,0.04000000000000001,0.013249999999999956,0.013249999999999956,0
2022-23,Assam,urea,3.73,3.56,3.5813499999999987,0.16999999999999993,0.16999999999999993,0.14865000000000128,0.14865000000000128,0
2022-23,Bihar,dap,6.51,5.66,5.933549999999998,0.8499999999999996,0.8499999999999996,0.5764500000000021,0.5764500000000021,0
2022-23,Bihar,mop,1.39,1.26,1.3757999999999988,0.1299999999999999,0.1299999999999999,0.0142000000000011,0.0142000000000011,0
2022-23,Bihar,npks,4.39,4.25,4.054599999999999,0.13999999999999968,0.13999999999999968,0.3354000000000008,0.3354000000000008,0
2022-23,Bihar,urea,23.24,21.96,23.84225000000002,1.2799999999999976,1.2799999999999976,-0.6022500000000228,0.6022500000000228,0
2022-23,Chandigarh,dap,0.0,0.0,0.0,0.0,0.0,0.0,0.0,0
2022-23,Chandigarh,mop,0.0,0.0,0.0,0.0,0.0,0.0,0.0,0
2022-23,Chandigarh,npks,0.0,0.0,0.0,0.0,0.0,0.0,0.0,0
2022-23,Chandigarh,urea,0.0,0.0,0.0,0.0,0.0,0.0,0.0,0
2022-23,Chhattisgarh,dap,4.34,3.14,3.573649999999998,1.1999999999999997,1.1999999999999997,0.7663500000000019,0.7663500000000019,0
2022-23,Chhattisgarh,mop,0.6,0.56,0.5719999999999993,0.039999999999999925,0.039999999999999925,0.02800000000000069,0.02800000000000069,0
2022-23,Chhattisgarh,npks,1.3,1.06,1.2105,0.24,0.24,0.08950000000000014,0.08950000000000014,0
2022-23,Chhattisgarh,urea,8.99,8.38,8.778300000000016,0.6099999999999994,0.6099999999999994,0.21169999999998446,0.21169999999998446,0
2022-23,Dadra & Nagar Haveli,dap,0.0,0.0,0.004000000000000003,0.0,0.0,-0.004000000000000003,0.004000000000000003,0
2022-23,Dadra & Nagar Haveli,mop,0.0,0.0,0.0,0.0,0.0,0.0,0.0,0
2022-23,Dadra & Nagar Haveli,npks,0.0,0.0,0.0,0.0,0.0,0.0,0.0,0
2022-23,Dadra & Nagar Haveli,urea,0.0,0.01,0.006042380952380955,-0.01,0.01,-0.006042380952380955,0.006042380952380955,0
2022-23,Daman & Diu,dap,0.0,0.0,0.0,0.0,0.0,0.0,0.0,0
2022-23,Daman & Diu,mop,0.0,0.0,0.0,0.0,0.0,0.0,0.0,0
2022-23,Daman & Diu,npks,0.0,0.0,0.0,0.0,0.0,0.0,0.0,0
2022-23,Daman & Diu,urea,0.0,0.0,0.0,0.0,0.0,0.0,0.0,0
2022-23,Delhi,dap,0.04,0.05,0.043599999999999944,-0.010000000000000002,0.010000000000000002,-0.0035999999999999435,0.0035999999999999435,0
2022-23,Delhi,mop,0.0,0.0,0.0,0.0,0.0,0.0,0.0,0
2022-23,Delhi,npks,0.0,0.0,0.0,0.0,0.0,0.0,0.0,0
2022-23,Delhi,urea,0.32,0.28,0.2379999999999999,0.03999999999999998,0.03999999999999998,0.0820000000000001,0.0820000000000001,0
2022-23,Goa,dap,0.01,0.0,0.0006999999999999999,0.01,0.01,0.009300000000000001,0.009300000000000001,0
2022-23,Goa,mop,0.0,0.0,0.0012000000000000003,0.0,0.0,-0.0012000000000000003,0.0012000000000000003,0
2022-23,Goa,npks,0.02,0.03,0.02610666666666663,-0.009999999999999998,0.009999999999999998,-0.006106666666666628,0.006106666666666628,0
2022-23,Goa,urea,0.02,0.02,0.017183373015873016,0.0,0.0,0.002816626984126984,0.002816626984126984,0
2022-23,Gujarat,dap,6.29,6.1,5.86544999999999,0.1900000000000004,0.1900000000000004,0.42455000000000975,0.42455000000000975,0
2022-23,Gujarat,mop,0.8,0.81,0.7588000000000007,-0.010000000000000009,0.010000000000000009,0.04119999999999935,0.04119999999999935,0
2022-23,Gujarat,npks,6.97,5.23,6.018950000000005,1.7399999999999993,1.7399999999999993,0.9510499999999951,0.9510499999999951,0
2022-23,Gujarat,urea,24.3,24.73,25.00005000000002,-0.4299999999999997,0.4299999999999997,-0.7000500000000187,0.7000500000000187,0
2022-23,Haryana,dap,5.83,5.59,5.467249999999995,0.2400000000000002,0.2400000000000002,0.36275000000000546,0.36275000000000546,0
2022-23,Haryana,mop,0.36,0.35,0.4985999999999997,0.010000000000000009,0.010000000000000009,-0.13859999999999972,0.13859999999999972,0
2022-23,Haryana,npks,0.44,0.26,0.8094499999999999,0.18,0.18,-0.3694499999999999,0.3694499999999999,0
2022-23,Haryana,urea,21.77,20.46,21.616500000000006,1.3099999999999987,1.3099999999999987,0.15349999999999397,0.15349999999999397,0
2022-23,Himachal Pradesh,dap,0.01,0.02,0.00867035714285715,-0.01,0.01,0.0013296428571428504,0.0013296428571428504,0
2022-23,Himachal Pradesh,mop,0.03,0.04,0.03104999999999997,-0.010000000000000002,0.010000000000000002,-0.001049999999999971,0.001049999999999971,0
2022-23,Himachal Pradesh,npks,0.32,0.35,0.33314999999999984,-0.02999999999999997,0.02999999999999997,-0.013149999999999828,0.013149999999999828,0
2022-23,Himachal Pradesh,urea,0.68,0.74,0.7249,-0.05999999999999994,0.05999999999999994,-0.04489999999999994,0.04489999999999994,0
2022-23,J&K,dap,0.44,0.48,0.5815499999999997,-0.03999999999999998,0.03999999999999998,-0.14154999999999968,0.14154999999999968,0
2022-23,J&K,mop,0.16,0.17,0.6862999999999997,-0.010000000000000009,0.010000000000000009,-0.5262999999999997,0.5262999999999997,0
2022-23,J&K,npks,0.0,0.0,0.0009500000000000001,0.0,0.0,-0.0009500000000000001,0.0009500000000000001,0
2022-23,J&K,urea,1.45,1.6,1.4642999999999988,-0.15000000000000013,0.15000000000000013,-0.01429999999999887,0.01429999999999887,0
2022-23,Jharkhand,dap,0.94,0.77,0.7562500000000001,0.16999999999999993,0.16999999999999993,0.18374999999999986,0.18374999999999986,0
2022-23,Jharkhand,mop,0.03,0.04,0.050349999999999985,-0.010000000000000002,0.010000000000000002,-0.020349999999999986,0.020349999999999986,0
2022-23,Jharkhand,npks,0.33,0.45,0.5518000000000001,-0.12,0.12,-0.22180000000000005,0.22180000000000005,0
2022-23,Jharkhand,urea,3.04,2.56,2.4406999999999988,0.48,0.48,0.5993000000000013,0.5993000000000013,0
2022-23,Karnataka,dap,6.42,6.21,7.055950000000006,0.20999999999999996,0.20999999999999996,-0.6359500000000065,0.6359500000000065,0
2022-23,Karnataka,mop,1.54,1.41,1.3433500000000003,0.13000000000000012,0.13000000000000012,0.19664999999999977,0.19664999999999977,0
2022-23,Karnataka,npks,15.84,16.67,17.92715,-0.8300000000000018,0.8300000000000018,-2.087150000000001,2.087150000000001,0
2022-23,Karnataka,urea,15.65,18.21,17.64275,-2.5600000000000005,2.5600000000000005,-1.9927499999999991,1.9927499999999991,0
2022-23,Kerala,dap,0.16,0.19,0.20420000000000016,-0.03,0.03,-0.044200000000000156,0.044200000000000156,0
2022-23,Kerala,mop,0.7,0.78,0.8015000000000003,-0.08000000000000007,0.08000000000000007,-0.10150000000000037,0.10150000000000037,0
2022-23,Kerala,npks,1.26,1.02,1.1818999999999982,0.24,0.24,0.07810000000000183,0.07810000000000183,0
2022-23,Kerala,urea,0.96,1.12,1.132000000000001,-0.16000000000000014,0.16000000000000014,-0.17200000000000104,0.17200000000000104,0
2022-23,Lakshadweep,dap,0.0,0.0,0.0,0.0,0.0,0.0,0.0,0
2022-23,Lakshadweep,mop,0.0,0.0,0.0,0.0,0.0,0.0,0.0,0
2022-23,Lakshadweep,npks,0.0,0.0,0.0,0.0,0.0,0.0,0.0,0
2022-23,Lakshadweep,urea,0.0,0.0,0.0,0.0,0.0,0.0,0.0,0
2022-23,Madhya Pradesh,dap,15.5,13.85,15.953349999999993,1.6500000000000004,1.6500000000000004,-0.45334999999999326,0.45334999999999326,0
2022-23,Madhya Pradesh,mop,0.67,0.62,0.8229499999999997,0.050000000000000044,0.050000000000000044,-0.1529499999999997,0.1529499999999997,0
2022-23,Madhya Pradesh,npks,5.41,4.79,5.227099999999996,0.6200000000000001,0.6200000000000001,0.1829000000000045,0.1829000000000045,0
2022-23,Madhya Pradesh,urea,34.37,32.39,29.593100000000003,1.9799999999999969,1.9799999999999969,4.776899999999994,4.776899999999994,0
2022-23,Maharashtra,dap,7.36,7.18,6.952999999999996,0.1800000000000006,0.1800000000000006,0.40700000000000447,0.40700000000000447,0
2022-23,Maharashtra,mop,1.42,1.38,1.3457000000000006,0.040000000000000036,0.040000000000000036,0.07429999999999937,0.07429999999999937,0
2022-23,Maharashtra,npks,23.04,20.46,23.057050000000014,2.5799999999999983,2.5799999999999983,-0.01705000000001533,0.01705000000001533,0
2022-23,Maharashtra,urea,23.48,24.66,24.756950000000003,-1.1799999999999997,1.1799999999999997,-1.276950000000003,1.276950000000003,0
2022-23,Manipur,dap,0.01,0.04,0.03330000000000001,-0.03,0.03,-0.023300000000000008,0.023300000000000008,0
2022-23,Manipur,mop,0.02,0.04,0.04844999999999998,-0.02,0.02,-0.02844999999999998,0.02844999999999998,0
2022-23,Manipur,npks,0.0,0.03,0.009650000000000008,-0.03,0.03,-0.009650000000000008,0.009650000000000008,0
2022-23,Manipur,urea,0.25,0.31,0.26210000000000006,-0.06,0.06,-0.012100000000000055,0.012100000000000055,0
2022-23,Meghalaya,dap,0.0,0.0,0.0,0.0,0.0,0.0,0.0,0
2022-23,Meghalaya,mop,0.0,0.0,0.0,0.0,0.0,0.0,0.0,0
2022-23,Meghalaya,npks,0.0,0.0,0.0,0.0,0.0,0.0,0.0,0
2022-23,Meghalaya,urea,0.04,0.0,0.003600000000000002,0.04,0.04,0.0364,0.0364,0
2022-23,Mizoram,dap,0.0,0.01,0.013416666666666641,-0.01,0.01,-0.013416666666666641,0.013416666666666641,0
2022-23,Mizoram,mop,0.0,0.0,0.0,0.0,0.0,0.0,0.0,0
2022-23,Mizoram,npks,0.0,0.0,0.0,0.0,0.0,0.0,0.0,0
2022-23,Mizoram,urea,0.13,0.1,0.33404999999999985,0.03,0.03,-0.20404999999999984,0.20404999999999984,0
2022-23,Nagaland,dap,0.0,0.0,0.0,0.0,0.0,0.0,0.0,0
2022-23,Nagaland,mop,0.0,0.0,0.0,0.0,0.0,0.0,0.0,0
2022-23,Nagaland,npks,0.0,0.0,0.0,0.0,0.0,0.0,0.0,0
2022-23,Nagaland,urea,0.01,0.01,0.0026966666666666684,0.0,0.0,0.007303333333333332,0.007303333333333332,0
2022-23,Odisha,dap,2.74,1.94,2.25085,0.8000000000000003,0.8000000000000003,0.4891500000000004,0.4891500000000004,0
2022-23,Odisha,mop,0.66,0.61,0.7554000000000002,0.050000000000000044,0.050000000000000044,-0.09540000000000015,0.09540000000000015,0
2022-23,Odisha,npks,2.42,2.63,2.4918999999999984,-0.20999999999999996,0.20999999999999996,-0.07189999999999852,0.07189999999999852,0
2022-23,Odisha,urea,5.84,5.6,5.967049999999993,0.2400000000000002,0.2400000000000002,-0.12704999999999345,0.12704999999999345,0
2022-23,Puducherry,dap,0.01,0.02,0.010130555555555558,-0.01,0.01,-0.00013055555555555737,0.00013055555555555737,0
2022-23,Puducherry,mop,0.01,0.01,0.013094999999999975,0.0,0.0,-0.0030949999999999745,0.0030949999999999745,0
2022-23,Puducherry,npks,0.07,0.06,0.0733000000000001,0.010000000000000009,0.010000000000000009,-0.0033000000000000945,0.0033000000000000945,0
2022-23,Puducherry,urea,0.13,0.17,0.17150000000000032,-0.04000000000000001,0.04000000000000001,-0.041500000000000314,0.041500000000000314,0
2022-23,Punjab,dap,7.24,7.17,6.75525,0.07000000000000028,0.07000000000000028,0.48475,0.48475,0
2022-23,Punjab,mop,0.5,0.41,0.6161499999999992,0.09000000000000002,0.09000000000000002,-0.1161499999999992,0.1161499999999992,0
2022-23,Punjab,npks,0.73,0.58,0.7283499999999994,0.15000000000000002,0.15000000000000002,0.0016500000000005954,0.0016500000000005954,0
2022-23,Punjab,urea,30.68,29.45,30.04410000000002,1.2300000000000004,1.2300000000000004,0.6358999999999781,0.6358999999999781,0
2022-23,Rajasthan,dap,9.37,8.47,7.200399999999997,0.8999999999999986,0.8999999999999986,2.1696000000000026,2.1696000000000026,0
2022-23,Rajasthan,mop,0.15,0.14,0.21045000000000003,0.009999999999999981,0.009999999999999981,-0.06045000000000003,0.06045000000000003,0
2022-23,Rajasthan,npks,1.08,0.72,0.7103499999999996,0.3600000000000001,0.3600000000000001,0.3696500000000005,0.3696500000000005,0
2022-23,Rajasthan,urea,25.39,25.17,23.500100000000035,0.21999999999999886,0.21999999999999886,1.8898999999999653,1.8898999999999653,0
2022-23,Sikkim,dap,0.0,0.0,0.0,0.0,0.0,0.0,0.0,0
2022-23,Sikkim,mop,0.0,0.0,0.0,0.0,0.0,0.0,0.0,0
2022-23,Sikkim,npks,0.0,0.0,0.0,0.0,0.0,0.0,0.0,0
2022-23,Sikkim,urea,0.0,0.0,0.0,0.0,0.0,0.0,0.0,0
2022-23,Tamil Nadu,dap,2.71,2.76,2.567699999999998,-0.04999999999999982,0.04999999999999982,0.14230000000000187,0.14230000000000187,0
2022-23,Tamil Nadu,mop,1.63,1.65,1.6418000000000013,-0.020000000000000018,0.020000000000000018,-0.011800000000001365,0.011800000000001365,0
2022-23,Tamil Nadu,npks,7.94,7.38,7.620550000000008,0.5600000000000005,0.5600000000000005,0.3194499999999927,0.3194499999999927,0
2022-23,Tamil Nadu,urea,10.11,10.05,9.811700000000014,0.05999999999999872,0.05999999999999872,0.29829999999998513,0.29829999999998513,0
2022-23,Telangana,dap,3.68,3.71,3.717750000000002,-0.029999999999999805,0.029999999999999805,-0.03775000000000173,0.03775000000000173,0
2022-23,Telangana,mop,0.92,0.74,0.9153000000000007,0.18000000000000005,0.18000000000000005,0.004699999999999371,0.004699999999999371,0
2022-23,Telangana,npks,13.62,12.9,14.810199999999993,0.7199999999999989,0.7199999999999989,-1.1901999999999937,1.1901999999999937,0
2022-23,Telangana,urea,19.03,18.83,18.543949999999956,0.20000000000000284,0.20000000000000284,0.48605000000004495,0.48605000000004495,0
2022-23,Tripura,dap,0.03,0.02,0.013604166666666646,0.009999999999999998,0.009999999999999998,0.016395833333333353,0.016395833333333353,0
2022-23,Tripura,mop,0.02,0.02,0.03419999999999989,0.0,0.0,-0.01419999999999989,0.01419999999999989,0
2022-23,Tripura,npks,0.02,0.02,0.020549999999999985,0.0,0.0,-0.0005499999999999845,0.0005499999999999845,0
2022-23,Tripura,urea,0.14,0.19,0.19015000000000012,-0.04999999999999999,0.04999999999999999,-0.05015000000000011,0.05015000000000011,0
2022-23,Uttar Pradesh,dap,0.38,0.52,0.39899999999999997,-0.14,0.14,-0.01899999999999996,0.01899999999999996,0
2022-23,Uttar Pradesh,mop,0.04,0.03,0.02849999999999995,0.010000000000000002,0.010000000000000002,0.011500000000000052,0.011500000000000052,0
2022-23,Uttar Pradesh,npks,0.2,0.11,0.21175,0.09000000000000001,0.09000000000000001,-0.011749999999999983,0.011749999999999983,0
2022-23,Uttar Pradesh,urea,2.31,2.05,2.272700000000003,0.26000000000000023,0.26000000000000023,0.037299999999997,0.037299999999997,0
2022-23,Uttarakhand,dap,21.61,22.38,24.792550000000016,-0.7699999999999996,0.7699999999999996,-3.182550000000017,3.182550000000017,0
2022-23,Uttarakhand,mop,1.21,1.22,3.5248000000000013,-0.010000000000000009,0.010000000000000009,-2.3148000000000013,2.3148000000000013,0
2022-23,Uttarakhand,npks,7.93,4.79,5.669099999999997,3.1399999999999997,3.1399999999999997,2.260900000000003,2.260900000000003,0
2022-23,Uttarakhand,urea,74.53,74.72,71.46065000000003,-0.18999999999999773,0.18999999999999773,3.0693499999999716,3.0693499999999716,0
2022-23,West Bengal,dap,3.2,3.77,3.0231500000000007,-0.5699999999999998,0.5699999999999998,0.1768499999999995,0.1768499999999995,0
2022-23,West Bengal,mop,1.83,2.36,2.5300499999999975,-0.5299999999999998,0.5299999999999998,-0.7000499999999974,0.7000499999999974,0
2022-23,West Bengal,npks,9.2,9.61,9.738599999999991,-0.41000000000000014,0.41000000000000014,-0.5385999999999918,0.5385999999999918,0
2022-23,West Bengal,urea,12.2,14.05,14.389100000000028,-1.8500000000000014,1.8500000000000014,-2.1891000000000282,2.1891000000000282,0
2023-24,Andaman & Nicobar,dap,0.0,0.0,5e-05,0.0,0.0,-5e-05,5e-05,0
2023-24,Andaman & Nicobar,mop,0.0,0.0,0.0,0.0,0.0,0.0,0.0,0
2023-24,Andaman & Nicobar,npks,0.0,0.0,0.0,0.0,0.0,0.0,0.0,0
2023-24,Andaman & Nicobar,urea,0.0,0.0,5e-05,0.0,0.0,-5e-05,5e-05,0
2023-24,Andhra Pradesh,dap,4.34,4.2,3.7697499999999975,0.13999999999999968,0.13999999999999968,0.5702500000000024,0.5702500000000024,0
2023-24,Andhra Pradesh,mop,1.71,1.31,1.384199999999998,0.3999999999999999,0.3999999999999999,0.32580000000000187,0.32580000000000187,0
2023-24,Andhra Pradesh,npks,15.78,14.02,15.382699999999984,1.7599999999999998,1.7599999999999998,0.39730000000001553,0.39730000000001553,0
2023-24,Andhra Pradesh,urea,15.7,14.99,15.644999999999966,0.7099999999999991,0.7099999999999991,0.05500000000003347,0.05500000000003347,0
2023-24,Arunachal Pradesh,dap,0.0,0.0,0.0002,0.0,0.0,-0.0002,0.0002,0
2023-24,Arunachal Pradesh,mop,0.0,0.0,0.0001,0.0,0.0,-0.0001,0.0001,0
2023-24,Arunachal Pradesh,npks,0.0,0.0,0.0,0.0,0.0,0.0,0.0,0
2023-24,Arunachal Pradesh,urea,0.01,0.01,0.007240595238095241,0.0,0.0,0.002759404761904759,0.002759404761904759,0
2023-24,Assam,dap,0.62,0.72,0.7009000000000001,-0.09999999999999998,0.09999999999999998,-0.08090000000000008,0.08090000000000008,0
2023-24,Assam,mop,0.57,0.44,0.5580499999999988,0.12999999999999995,0.12999999999999995,0.011950000000001126,0.011950000000001126,0
2023-24,Assam,npks,0.48,0.23,0.28024999999999967,0.24999999999999997,0.24999999999999997,0.19975000000000032,0.19975000000000032,0
2023-24,Assam,urea,4.1,3.73,3.9780000000000024,0.36999999999999966,0.36999999999999966,0.12199999999999722,0.12199999999999722,0
2023-24,Bihar,dap,5.83,6.51,6.166600000000005,-0.6799999999999997,0.6799999999999997,-0.3366000000000051,0.3366000000000051,0
2023-24,Bihar,mop,1.84,1.39,1.4978499999999995,0.4500000000000002,0.4500000000000002,0.3421500000000006,0.3421500000000006,0
2023-24,Bihar,npks,6.04,4.39,4.856249999999995,1.6500000000000004,1.6500000000000004,1.1837500000000052,1.1837500000000052,0
2023-24,Bihar,urea,25.6,23.24,23.070300000000042,2.360000000000003,2.360000000000003,2.529699999999959,2.529699999999959,0
2023-24,Chandigarh,dap,0.0,0.0,0.0,0.0,0.0,0.0,0.0,0
2023-24,Chandigarh,mop,0.0,0.0,0.0,0.0,0.0,0.0,0.0,0
2023-24,Chandigarh,npks,0.0,0.0,0.0,0.0,0.0,0.0,0.0,0
2023-24,Chandigarh,urea,0.0,0.0,0.0,0.0,0.0,0.0,0.0,0
2023-24,Chhattisgarh,dap,3.83,4.34,3.980949999999997,-0.5099999999999998,0.5099999999999998,-0.1509499999999968,0.1509499999999968,0
2023-24,Chhattisgarh,mop,0.76,0.6,0.7149999999999993,0.16000000000000003,0.16000000000000003,0.045000000000000706,0.045000000000000706,0
2023-24,Chhattisgarh,npks,2.34,1.3,1.1805999999999994,1.0399999999999998,1.0399999999999998,1.1594000000000004,1.1594000000000004,0
2023-24,Chhattisgarh,urea,10.07,8.99,8.67935000000001,1.08,1.08,1.3906499999999902,1.3906499999999902,0
2023-24,Dadra & Nagar Haveli,dap,0.0,0.0,0.0014500000000000006,0.0,0.0,-0.0014500000000000006,0.0014500000000000006,0
2023-24,Dadra & Nagar Haveli,mop,0.0,0.0,0.0,0.0,0.0,0.0,0.0,0
2023-24,Dadra & Nagar Haveli,npks,0.0,0.0,0.0,0.0,0.0,0.0,0.0,0
2023-24,Dadra & Nagar Haveli,urea,0.0,0.0,0.0011500000000000004,0.0,0.0,-0.0011500000000000004,0.0011500000000000004,0
2023-24,Daman & Diu,dap,0.0,0.0,0.0,0.0,0.0,0.0,0.0,0
2023-24,Daman & Diu,mop,0.0,0.0,0.0,0.0,0.0,0.0,0.0,0
2023-24,Daman & Diu,npks,0.0,0.0,0.0,0.0,0.0,0.0,0.0,0
2023-24,Daman & Diu,urea,0.0,0.0,0.0,0.0,0.0,0.0,0.0,0
2023-24,Delhi,dap,0.04,0.04,0.02779999999999997,0.0,0.0,0.01220000000000003,0.01220000000000003,0
2023-24,Delhi,mop,0.0,0.0,0.0,0.0,0.0,0.0,0.0,0
2023-24,Delhi,npks,0.0,0.0,0.0,0.0,0.0,0.0,0.0,0
2023-24,Delhi,urea,0.4,0.32,0.2668,0.08000000000000002,0.08000000000000002,0.13320000000000004,0.13320000000000004,0
2023-24,Goa,dap,0.0,0.01,0.006355000000000003,-0.01,0.01,-0.006355000000000003,0.006355000000000003,0
2023-24,Goa,mop,0.0,0.0,0.004050000000000002,0.0,0.0,-0.004050000000000002,0.004050000000000002,0
2023-24,Goa,npks,0.03,0.02,0.029349999999999973,0.009999999999999998,0.009999999999999998,0.0006500000000000256,0.0006500000000000256,0
2023-24,Goa,urea,0.02,0.02,0.020400000000000005,0.0,0.0,-0.0004000000000000045,0.0004000000000000045,0
2023-24,Gujarat,dap,5.42,6.29,5.60455,-0.8700000000000001,0.8700000000000001,-0.18454999999999977,0.18454999999999977,0
2023-24,Gujarat,mop,0.92,0.8,0.7591500000000004,0.12,0.12,0.1608499999999996,0.1608499999999996,0
2023-24,Gujarat,npks,8.35,6.97,7.331700000000005,1.38,1.38,1.0182999999999947,1.0182999999999947,0
2023-24,Gujarat,urea,24.23,24.3,23.67814999999999,-0.07000000000000028,0.07000000000000028,0.5518500000000088,0.5518500000000088,0
2023-24,Haryana,dap,5.34,5.83,5.865649999999999,-0.4900000000000002,0.4900000000000002,-0.5256499999999988,0.5256499999999988,0
2023-24,Haryana,mop,0.47,0.36,0.8959500000000001,0.10999999999999999,0.10999999999999999,-0.42595000000000016,0.42595000000000016,0
2023-24,Haryana,npks,1.03,0.44,0.41505,0.5900000000000001,0.5900000000000001,0.6149500000000001,0.6149500000000001,0
2023-24,Haryana,urea,22.65,21.77,22.68115000000002,0.879999999999999,0.879999999999999,-0.03115000000002155,0.03115000000002155,0
2023-24,Himachal Pradesh,dap,0.03,0.01,0.008844166666666672,0.019999999999999997,0.019999999999999997,0.021155833333333325,0.021155833333333325,0
2023-24,Himachal Pradesh,mop,0.03,0.03,0.033749999999999995,0.0,0.0,-0.0037499999999999964,0.0037499999999999964,0
2023-24,Himachal Pradesh,npks,0.32,0.32,0.7626999999999989,0.0,0.0,-0.4426999999999989,0.4426999999999989,0
2023-24,Himachal Pradesh,urea,0.65,0.68,0.7035000000000009,-0.030000000000000027,0.030000000000000027,-0.05350000000000088,0.05350000000000088,0
2023-24,J&K,dap,0.43,0.44,0.44574999999999937,-0.010000000000000009,0.010000000000000009,-0.015749999999999376,0.015749999999999376,0
2023-24,J&K,mop,0.14,0.16,0.20974999999999988,-0.01999999999999999,0.01999999999999999,-0.06974999999999987,0.06974999999999987,0
2023-24,J&K,npks,0.01,0.0,0.00030000000000000003,0.01,0.01,0.0097,0.0097,0
2023-24,J&K,urea,1.36,1.45,1.4189499999999984,-0.08999999999999986,0.08999999999999986,-0.05894999999999828,0.05894999999999828,0
2023-24,Jharkhand,dap,0.84,0.94,0.9077,-0.09999999999999998,0.09999999999999998,-0.06769999999999998,0.06769999999999998,0
2023-24,Jharkhand,mop,0.03,0.03,0.034249999999999996,0.0,0.0,-0.004249999999999997,0.004249999999999997,0
2023-24,Jharkhand,npks,0.85,0.33,0.38364999999999966,0.52,0.52,0.4663500000000003,0.4663500000000003,0
2023-24,Jharkhand,urea,3.73,3.04,2.4213499999999963,0.69,0.69,1.3086500000000036,1.3086500000000036,0
2023-24,Karnataka,dap,5.86,6.42,6.649600000000006,-0.5599999999999996,0.5599999999999996,-0.7896000000000054,0.7896000000000054,0
2023-24,Karnataka,mop,2.21,1.54,1.5348000000000004,0.6699999999999999,0.6699999999999999,0.6751999999999996,0.6751999999999996,0
2023-24,Karnataka,npks,20.9,15.84,16.989699999999985,5.059999999999999,5.059999999999999,3.9103000000000137,3.9103000000000137,0
2023-24,Karnataka,urea,19.17,15.65,16.676750000000006,3.5200000000000014,3.5200000000000014,2.493249999999996,2.493249999999996,0
2023-24,Kerala,dap,0.2,0.16,0.18890000000000015,0.04000000000000001,0.04000000000000001,0.01109999999999986,0.01109999999999986,0
2023-24,Kerala,mop,0.83,0.7,0.7232499999999998,0.13,0.13,0.10675000000000012,0.10675000000000012,0
2023-24,Kerala,npks,1.26,1.26,1.291999999999999,0.0,0.0,-0.03199999999999892,0.03199999999999892,0
2023-24,Kerala,urea,1.15,0.96,1.0457000000000016,0.18999999999999995,0.18999999999999995,0.10429999999999828,0.10429999999999828,0
2023-24,Lakshadweep,dap,0.0,0.0,0.0,0.0,0.0,0.0,0.0,0
2023-24,Lakshadweep,mop,0.0,0.0,0.0,0.0,0.0,0.0,0.0,0
2023-24,Lakshadweep,npks,0.0,0.0,0.0,0.0,0.0,0.0,0.0,0
2023-24,Lakshadweep,urea,0.0,0.0,0.0,0.0,0.0,0.0,0.0,0
2023-24,Madhya Pradesh,dap,11.66,15.5,14.993399999999978,-3.84,3.84,-3.333399999999978,3.333399999999978,0
2023-24,Madhya Pradesh,mop,1.08,0.67,0.7118999999999996,0.41000000000000003,0.41000000000000003,0.3681000000000004,0.3681000000000004,0
2023-24,Madhya Pradesh,npks,9.77,5.41,6.047449999999991,4.359999999999999,4.359999999999999,3.722550000000009,3.722550000000009,0
2023-24,Madhya Pradesh,urea,38.09,34.37,32.43804999999998,3.720000000000006,3.720000000000006,5.651950000000021,5.651950000000021,0
2023-24,Maharashtra,dap,6.47,7.36,6.703199999999999,-0.8900000000000006,0.8900000000000006,-0.23319999999999919,0.23319999999999919,0
2023-24,Maharashtra,mop,2.22,1.42,2.313550000000003,0.8000000000000003,0.8000000000000003,-0.09355000000000269,0.09355000000000269,0
2023-24,Maharashtra,npks,28.79,23.04,24.276250000000005,5.75,5.75,4.513749999999995,4.513749999999995,0
2023-24,Maharashtra,urea,26.41,23.48,24.123449999999977,2.9299999999999997,2.9299999999999997,2.286550000000023,2.286550000000023,0
2023-24,Manipur,dap,0.02,0.01,0.021974999999999967,0.01,0.01,-0.0019749999999999664,0.0019749999999999664,0
2023-24,Manipur,mop,0.02,0.02,0.02274999999999997,0.0,0.0,-0.0027499999999999712,0.0027499999999999712,0
2023-24,Manipur,npks,0.01,0.0,0.014260416666666647,0.01,0.01,-0.004260416666666647,0.004260416666666647,0
2023-24,Manipur,urea,0.14,0.25,0.22744999999999968,-0.10999999999999999,0.10999999999999999,-0.08744999999999967,0.08744999999999967,0
2023-24,Meghalaya,dap,0.0,0.0,0.0,0.0,0.0,0.0,0.0,0
2023-24,Meghalaya,mop,0.0,0.0,0.0,0.0,0.0,0.0,0.0,0
2023-24,Meghalaya,npks,0.0,0.0,0.0,0.0,0.0,0.0,0.0,0
2023-24,Meghalaya,urea,0.04,0.04,0.026199999999999952,0.0,0.0,0.013800000000000048,0.013800000000000048,0
2023-24,Mizoram,dap,0.0,0.0,0.00035000000000000005,0.0,0.0,-0.00035000000000000005,0.00035000000000000005,0
2023-24,Mizoram,mop,0.0,0.0,0.0,0.0,0.0,0.0,0.0,0
2023-24,Mizoram,npks,0.0,0.0,0.0,0.0,0.0,0.0,0.0,0
2023-24,Mizoram,urea,0.2,0.13,0.12919999999999987,0.07,0.07,0.07080000000000014,0.07080000000000014,0
2023-24,Nagaland,dap,0.0,0.0,0.0,0.0,0.0,0.0,0.0,0
2023-24,Nagaland,mop,0.0,0.0,0.0,0.0,0.0,0.0,0.0,0
2023-24,Nagaland,npks,0.0,0.0,0.0,0.0,0.0,0.0,0.0,0
2023-24,Nagaland,urea,0.01,0.01,0.006375000000000004,0.0,0.0,0.0036249999999999963,0.0036249999999999963,0
2023-24,Odisha,dap,2.56,2.74,2.5018,-0.18000000000000016,0.18000000000000016,0.05820000000000025,0.05820000000000025,0
2023-24,Odisha,mop,0.77,0.66,0.7109999999999996,0.10999999999999999,0.10999999999999999,0.059000000000000385,0.059000000000000385,0
2023-24,Odisha,npks,3.28,2.42,2.751599999999999,0.8599999999999999,0.8599999999999999,0.5284000000000009,0.5284000000000009,0
2023-24,Odisha,urea,6.67,5.84,6.243750000000002,0.8300000000000001,0.8300000000000001,0.4262499999999978,0.4262499999999978,0
2023-24,Puducherry,dap,0.02,0.01,0.010646666666666664,0.01,0.01,0.009353333333333337,0.009353333333333337,0
2023-24,Puducherry,mop,0.01,0.01,0.009786666666666671,0.0,0.0,0.00021333333333332927,0.00021333333333332927,0
2023-24,Puducherry,npks,0.08,0.07,0.11004999999999994,0.009999999999999995,0.009999999999999995,-0.030049999999999938,0.030049999999999938,0
2023-24,Puducherry,urea,0.15,0.13,0.1491000000000001,0.01999999999999999,0.01999999999999999,0.0008999999999999009,0.0008999999999999009,0
2023-24,Punjab,dap,6.61,7.24,7.101749999999997,-0.6299999999999999,0.6299999999999999,-0.491749999999997,0.491749999999997,0
2023-24,Punjab,mop,0.71,0.5,0.570249999999999,0.20999999999999996,0.20999999999999996,0.13975000000000093,0.13975000000000093,0
2023-24,Punjab,npks,1.41,0.73,0.7625999999999995,0.6799999999999999,0.6799999999999999,0.6474000000000004,0.6474000000000004,0
2023-24,Punjab,urea,32.56,30.68,29.821199999999987,1.8800000000000026,1.8800000000000026,2.7388000000000154,2.7388000000000154,0
2023-24,Rajasthan,dap,6.9,9.37,8.152899999999994,-2.469999999999999,2.469999999999999,-1.2528999999999932,1.2528999999999932,0
2023-24,Rajasthan,mop,0.2,0.15,0.20835000000000015,0.05000000000000002,0.05000000000000002,-0.008350000000000135,0.008350000000000135,0
2023-24,Rajasthan,npks,2.55,1.08,0.8713,1.4699999999999998,1.4699999999999998,1.6786999999999999,1.6786999999999999,0
2023-24,Rajasthan,urea,26.4,25.39,23.558849999999996,1.009999999999998,1.009999999999998,2.8411500000000025,2.8411500000000025,0
2023-24,Sikkim,dap,0.0,0.0,0.0,0.0,0.0,0.0,0.0,0
2023-24,Sikkim,mop,0.0,0.0,0.0,0.0,0.0,0.0,0.0,0
2023-24,Sikkim,npks,0.0,0.0,0.0,0.0,0.0,0.0,0.0,0
2023-24,Sikkim,urea,0.0,0.0,0.0,0.0,0.0,0.0,0.0,0
2023-24,Tamil Nadu,dap,2.56,2.71,2.7377999999999965,-0.1499999999999999,0.1499999999999999,-0.1777999999999964,0.1777999999999964,0
2023-24,Tamil Nadu,mop,1.94,1.63,1.5675500000000004,0.31000000000000005,0.31000000000000005,0.3724499999999995,0.3724499999999995,0
2023-24,Tamil Nadu,npks,8.49,7.94,8.427650000000016,0.5499999999999998,0.5499999999999998,0.06234999999998436,0.06234999999998436,0
2023-24,Tamil Nadu,urea,10.92,10.11,10.370500000000002,0.8100000000000005,0.8100000000000005,0.5494999999999983,0.5494999999999983,0
2023-24,Telangana,dap,3.64,3.68,3.8168000000000006,-0.040000000000000036,0.040000000000000036,-0.1768000000000005,0.1768000000000005,0
2023-24,Telangana,mop,1.14,0.92,1.1866500000000015,0.21999999999999986,0.21999999999999986,-0.046650000000001635,0.046650000000001635,0
2023-24,Telangana,npks,14.97,13.62,15.52514999999998,1.3500000000000014,1.3500000000000014,-0.5551499999999798,0.5551499999999798,0
2023-24,Telangana,urea,20.08,19.03,19.75055000000001,1.0499999999999972,1.0499999999999972,0.32944999999998714,0.32944999999998714,0
2023-24,Tripura,dap,0.02,0.03,0.02479999999999993,-0.009999999999999998,0.009999999999999998,-0.004799999999999929,0.004799999999999929,0
2023-24,Tripura,mop,0.04,0.02,0.023799999999999932,0.02,0.02,0.01620000000000007,0.01620000000000007,0
2023-24,Tripura,npks,0.03,0.02,0.01991666666666667,0.009999999999999998,0.009999999999999998,0.01008333333333333,0.01008333333333333,0
2023-24,Tripura,urea,0.17,0.14,0.20765,0.03,0.03,-0.03764999999999999,0.03764999999999999,0
2023-24,Uttar Pradesh,dap,0.4,0.38,0.41665000000000013,0.020000000000000018,0.020000000000000018,-0.01665000000000011,0.01665000000000011,0
2023-24,Uttar Pradesh,mop,0.04,0.04,0.03415,0.0,0.0,0.005850000000000001,0.005850000000000001,0
2023-24,Uttar Pradesh,npks,0.21,0.2,0.1984,0.009999999999999981,0.009999999999999981,0.0116,0.0116,0
2023-24,Uttar Pradesh,urea,2.31,2.31,2.270599999999999,0.0,0.0,0.03940000000000099,0.03940000000000099,0
2023-24,Uttarakhand,dap,19.51,21.61,22.789850000000015,-2.099999999999998,2.099999999999998,-3.279850000000014,3.279850000000014,0
2023-24,Uttarakhand,mop,1.76,1.21,2.172049999999998,0.55,0.55,-0.4120499999999978,0.4120499999999978,0
2023-24,Uttarakhand,npks,10.5,7.93,8.543000000000012,2.5700000000000003,2.5700000000000003,1.9569999999999883,1.9569999999999883,0
2023-24,Uttarakhand,urea,79.18,74.53,73.63975000000003,4.650000000000006,4.650000000000006,5.540249999999972,5.540249999999972,0
2023-24,West Bengal,dap,3.12,3.2,3.6216499999999963,-0.08000000000000007,0.08000000000000007,-0.5016499999999962,0.5016499999999962,0
2023-24,West Bengal,mop,2.57,1.83,2.4851999999999985,0.7399999999999998,0.7399999999999998,0.08480000000000132,0.08480000000000132,0
2023-24,West Bengal,npks,12.24,9.2,10.08055000000001,3.040000000000001,3.040000000000001,2.1594499999999908,2.1594499999999908,0
2023-24,West Bengal,urea,15.77,12.2,15.435549999999985,3.5700000000000003,3.5700000000000003,0.33445000000001457,0.33445000000001457,0
